$date
	Fri May  1 09:21:50 2026
$end
$version
	Icarus Verilog
$end
$timescale
	1ps
$end
$scope module tb_discriminator $end
$var wire 1 ! valid $end
$var wire 32 " overlap2_cnt [31:0] $end
$var wire 32 # overlap1_cnt [31:0] $end
$var wire 32 $ error [31:0] $end
$var reg 1 % clk_fast $end
$var reg 1 & pulse_target $end
$var reg 1 ' r_GM $end
$var reg 1 ( rst_n $end
$var reg 1 ) strobe_1 $end
$var reg 1 * strobe_2 $end
$scope module dut $end
$var wire 1 % clk_fast $end
$var wire 1 & pulse_target $end
$var wire 1 ' r_GM $end
$var wire 1 + r_gm_rise $end
$var wire 1 ( rst_n $end
$var wire 1 ) strobe_1 $end
$var wire 1 * strobe_2 $end
$var wire 1 ! valid $end
$var wire 1 , window_finish $end
$var wire 1 - tgt_s $end
$var wire 1 . stb2_s $end
$var wire 1 / stb1_s $end
$var reg 32 0 cnt1 [31:0] $end
$var reg 32 1 cnt2 [31:0] $end
$var reg 32 2 error [31:0] $end
$var reg 32 3 overlap1_cnt [31:0] $end
$var reg 32 4 overlap2_cnt [31:0] $end
$var reg 3 5 r_gm_ff [2:0] $end
$var reg 2 6 stb1_ff [1:0] $end
$var reg 2 7 stb2_ff [1:0] $end
$var reg 2 8 tgt_ff [1:0] $end
$var reg 1 9 valid_reg $end
$var reg 10 : win_cnt [9:0] $end
$var reg 1 ; window_active $end
$var reg 1 < window_active_d $end
$upscope $end
$scope task run_measure $end
$var integer 32 = target_delay_ns [31:0] $end
$upscope $end
$upscope $end
$enddefinitions $end
#0
$dumpvars
bx =
0<
0;
b0 :
09
b0 8
b0 7
b0 6
b0 5
b0 4
b0 3
b0 2
b0 1
b0 0
0/
0.
0-
0,
0+
0*
0)
0(
0'
0&
0%
b0 $
b0 #
b0 "
0!
$end
#1250
1%
#2500
0%
#3750
1%
#5000
0%
#6250
1%
#7500
0%
#8750
1%
#10000
0%
#11250
1%
#12500
0%
#13750
1%
#15000
0%
#16250
1%
#17500
0%
#18750
1%
#20000
0%
#21250
1%
#22500
0%
#23750
1%
#25000
0%
#26250
1%
#27500
0%
#28750
1%
#30000
0%
#31250
1%
#32500
0%
#33750
1%
#35000
0%
#36250
1%
#37500
0%
#38750
1%
#40000
0%
#41250
1%
#42500
0%
#43750
1%
#45000
0%
#46250
1%
#47500
0%
#48750
1%
#50000
0%
1(
#51250
1%
#52500
0%
#53750
1%
#55000
0%
#56250
1%
#57500
0%
#58750
1%
#60000
0%
#61250
1%
#62500
0%
#63750
1%
#65000
0%
#66250
1%
#67500
0%
#68750
1%
#70000
0%
#71250
1%
#72500
0%
#73750
1%
#75000
0%
#76250
1%
#77500
0%
#78750
1%
#80000
0%
#81250
1%
#82500
0%
#83750
1%
#85000
0%
#86250
1%
#87500
0%
#88750
1%
#90000
0%
#91250
1%
#92500
0%
#93750
1%
#95000
0%
#96250
1%
#97500
0%
#98750
1%
#100000
0%
1'
b1010001010 =
#101250
b1 5
1%
#102500
0%
#103750
1+
b11 5
1%
#105000
0%
#106250
0+
1;
b111 5
1%
#107500
0%
#108750
b1 :
1<
1%
#110000
0%
#111250
b10 :
1%
#112500
0%
#113750
b11 :
1%
#115000
0%
#116250
b100 :
1%
#117500
0%
#118750
b101 :
1%
#120000
0%
#121250
b110 :
1%
#122500
0%
#123750
b111 :
1%
#125000
0%
#126250
b1000 :
1%
#127500
0%
#128750
b1001 :
1%
#130000
0%
#131250
b1010 :
1%
#132500
0%
#133750
b1011 :
1%
#135000
0%
#136250
b1100 :
1%
#137500
0%
#138750
b1101 :
1%
#140000
0%
#141250
b1110 :
1%
#142500
0%
#143750
b1111 :
1%
#145000
0%
#146250
b10000 :
1%
#147500
0%
#148750
b10001 :
1%
#150000
0%
#151250
b10010 :
1%
#152500
0%
#153750
b10011 :
1%
#155000
0%
#156250
b10100 :
1%
#157500
0%
#158750
b10101 :
1%
#160000
0%
#161250
b10110 :
1%
#162500
0%
#163750
b10111 :
1%
#165000
0%
#166250
b11000 :
1%
#167500
0%
#168750
b11001 :
1%
#170000
0%
#171250
b11010 :
1%
#172500
0%
#173750
b11011 :
1%
#175000
0%
#176250
b11100 :
1%
#177500
0%
#178750
b11101 :
1%
#180000
0%
#181250
b11110 :
1%
#182500
0%
#183750
b11111 :
1%
#185000
0%
#186250
b100000 :
1%
#187500
0%
#188750
b100001 :
1%
#190000
0%
#191250
b100010 :
1%
#192500
0%
#193750
b100011 :
1%
#195000
0%
#196250
b100100 :
1%
#197500
0%
#198750
b100101 :
1%
#200000
0%
#201250
b100110 :
1%
#202500
0%
#203750
b100111 :
1%
#205000
0%
#206250
b101000 :
1%
#207500
0%
#208750
b101001 :
1%
#210000
0%
#211250
b101010 :
1%
#212500
0%
#213750
b101011 :
1%
#215000
0%
#216250
b101100 :
1%
#217500
0%
#218750
b101101 :
1%
#220000
0%
#221250
b101110 :
1%
#222500
0%
#223750
b101111 :
1%
#225000
0%
#226250
b110000 :
1%
#227500
0%
#228750
b110001 :
1%
#230000
0%
#231250
b110010 :
1%
#232500
0%
#233750
b110011 :
1%
#235000
0%
#236250
b110100 :
1%
#237500
0%
#238750
b110101 :
1%
#240000
0%
#241250
b110110 :
1%
#242500
0%
#243750
b110111 :
1%
#245000
0%
#246250
b111000 :
1%
#247500
0%
#248750
b111001 :
1%
#250000
0%
#251250
b111010 :
1%
#252500
0%
#253750
b111011 :
1%
#255000
0%
#256250
b111100 :
1%
#257500
0%
#258750
b111101 :
1%
#260000
0%
#261250
b111110 :
1%
#262500
0%
#263750
b111111 :
1%
#265000
0%
#266250
b1000000 :
1%
#267500
0%
#268750
b1000001 :
1%
#270000
0%
#271250
b1000010 :
1%
#272500
0%
#273750
b1000011 :
1%
#275000
0%
#276250
b1000100 :
1%
#277500
0%
#278750
b1000101 :
1%
#280000
0%
#281250
b1000110 :
1%
#282500
0%
#283750
b1000111 :
1%
#285000
0%
#286250
b1001000 :
1%
#287500
0%
#288750
b1001001 :
1%
#290000
0%
#291250
b1001010 :
1%
#292500
0%
#293750
b1001011 :
1%
#295000
0%
#296250
b1001100 :
1%
#297500
0%
#298750
b1001101 :
1%
#300000
0%
#301250
b1001110 :
1%
#302500
0%
#303750
b1001111 :
1%
#305000
0%
#306250
b1010000 :
1%
#307500
0%
#308750
b1010001 :
1%
#310000
0%
#311250
b1010010 :
1%
#312500
0%
#313750
b1010011 :
1%
#315000
0%
#316250
b1010100 :
1%
#317500
0%
#318750
b1010101 :
1%
#320000
0%
#321250
b1010110 :
1%
#322500
0%
#323750
b1010111 :
1%
#325000
0%
#326250
b1011000 :
1%
#327500
0%
#328750
b1011001 :
1%
#330000
0%
#331250
b1011010 :
1%
#332500
0%
#333750
b1011011 :
1%
#335000
0%
#336250
b1011100 :
1%
#337500
0%
#338750
b1011101 :
1%
#340000
0%
#341250
b1011110 :
1%
#342500
0%
#343750
b1011111 :
1%
#345000
0%
#346250
b1100000 :
1%
#347500
0%
#348750
b1100001 :
1%
#350000
0%
#351250
b1100010 :
1%
#352500
0%
#353750
b1100011 :
1%
#355000
0%
#356250
b1100100 :
1%
#357500
0%
#358750
b1100101 :
1%
#360000
0%
#361250
b1100110 :
1%
#362500
0%
#363750
b1100111 :
1%
#365000
0%
#366250
b1101000 :
1%
#367500
0%
#368750
b1101001 :
1%
#370000
0%
#371250
b1101010 :
1%
#372500
0%
#373750
b1101011 :
1%
#375000
0%
#376250
b1101100 :
1%
#377500
0%
#378750
b1101101 :
1%
#380000
0%
#381250
b1101110 :
1%
#382500
0%
#383750
b1101111 :
1%
#385000
0%
#386250
b1110000 :
1%
#387500
0%
#388750
b1110001 :
1%
#390000
0%
#391250
b1110010 :
1%
#392500
0%
#393750
b1110011 :
1%
#395000
0%
#396250
b1110100 :
1%
#397500
0%
#398750
b1110101 :
1%
#400000
0%
#401250
b1110110 :
1%
#402500
0%
#403750
b1110111 :
1%
#405000
0%
#406250
b1111000 :
1%
#407500
0%
#408750
b1111001 :
1%
#410000
0%
#411250
b1111010 :
1%
#412500
0%
#413750
b1111011 :
1%
#415000
0%
#416250
b1111100 :
1%
#417500
0%
#418750
b1111101 :
1%
#420000
0%
#421250
b1111110 :
1%
#422500
0%
#423750
b1111111 :
1%
#425000
0%
#426250
b10000000 :
1%
#427500
0%
#428750
b10000001 :
1%
#430000
0%
#431250
b10000010 :
1%
#432500
0%
#433750
b10000011 :
1%
#435000
0%
#436250
b10000100 :
1%
#437500
0%
#438750
b10000101 :
1%
#440000
0%
#441250
b10000110 :
1%
#442500
0%
#443750
b10000111 :
1%
#445000
0%
#446250
b10001000 :
1%
#447500
0%
#448750
b10001001 :
1%
#450000
0%
#451250
b10001010 :
1%
#452500
0%
#453750
b10001011 :
1%
#455000
0%
#456250
b10001100 :
1%
#457500
0%
#458750
b10001101 :
1%
#460000
0%
#461250
b10001110 :
1%
#462500
0%
#463750
b10001111 :
1%
#465000
0%
#466250
b10010000 :
1%
#467500
0%
#468750
b10010001 :
1%
#470000
0%
#471250
b10010010 :
1%
#472500
0%
#473750
b10010011 :
1%
#475000
0%
#476250
b10010100 :
1%
#477500
0%
#478750
b10010101 :
1%
#480000
0%
#481250
b10010110 :
1%
#482500
0%
#483750
b10010111 :
1%
#485000
0%
#486250
b10011000 :
1%
#487500
0%
#488750
b10011001 :
1%
#490000
0%
#491250
b10011010 :
1%
#492500
0%
#493750
b10011011 :
1%
#495000
0%
#496250
b10011100 :
1%
#497500
0%
#498750
b10011101 :
1%
#500000
0%
#501250
b10011110 :
1%
#502500
0%
#503750
b10011111 :
1%
#505000
0%
#506250
b10100000 :
1%
#507500
0%
#508750
b10100001 :
1%
#510000
0%
#511250
b10100010 :
1%
#512500
0%
#513750
b10100011 :
1%
#515000
0%
#516250
b10100100 :
1%
#517500
0%
#518750
b10100101 :
1%
#520000
0%
#521250
b10100110 :
1%
#522500
0%
#523750
b10100111 :
1%
#525000
0%
#526250
b10101000 :
1%
#527500
0%
#528750
b10101001 :
1%
#530000
0%
#531250
b10101010 :
1%
#532500
0%
#533750
b10101011 :
1%
#535000
0%
#536250
b10101100 :
1%
#537500
0%
#538750
b10101101 :
1%
#540000
0%
#541250
b10101110 :
1%
#542500
0%
#543750
b10101111 :
1%
#545000
0%
#546250
b10110000 :
1%
#547500
0%
#548750
b10110001 :
1%
#550000
0%
#551250
b10110010 :
1%
#552500
0%
#553750
b10110011 :
1%
#555000
0%
#556250
b10110100 :
1%
#557500
0%
#558750
b10110101 :
1%
#560000
0%
#561250
b10110110 :
1%
#562500
0%
#563750
b10110111 :
1%
#565000
0%
#566250
b10111000 :
1%
#567500
0%
#568750
b10111001 :
1%
#570000
0%
#571250
b10111010 :
1%
#572500
0%
#573750
b10111011 :
1%
#575000
0%
#576250
b10111100 :
1%
#577500
0%
#578750
b10111101 :
1%
#580000
0%
#581250
b10111110 :
1%
#582500
0%
#583750
b10111111 :
1%
#585000
0%
#586250
b11000000 :
1%
#587500
0%
#588750
b11000001 :
1%
#590000
0%
#591250
b11000010 :
1%
#592500
0%
#593750
b11000011 :
1%
#595000
0%
#596250
b11000100 :
1%
#597500
0%
#598750
b11000101 :
1%
#600000
0%
1)
#601250
b11000110 :
b1 6
1%
#602500
0%
#603750
1/
b11 6
b11000111 :
1%
#605000
0%
#606250
b11001000 :
1%
#607500
0%
#608750
b11001001 :
1%
#610000
0%
#611250
b11001010 :
1%
#612500
0%
#613750
b11001011 :
1%
#615000
0%
#616250
b11001100 :
1%
#617500
0%
#618750
b11001101 :
1%
#620000
0%
#621250
b11001110 :
1%
#622500
0%
#623750
b11001111 :
1%
#625000
0%
#626250
b11010000 :
1%
#627500
0%
#628750
b11010001 :
1%
#630000
0%
#631250
b11010010 :
1%
#632500
0%
#633750
b11010011 :
1%
#635000
0%
#636250
b11010100 :
1%
#637500
0%
#638750
b11010101 :
1%
#640000
0%
#641250
b11010110 :
1%
#642500
0%
#643750
b11010111 :
1%
#645000
0%
#646250
b11011000 :
1%
#647500
0%
#648750
b11011001 :
1%
#650000
0%
#651250
b11011010 :
1%
#652500
0%
#653750
b11011011 :
1%
#655000
0%
#656250
b11011100 :
1%
#657500
0%
#658750
b11011101 :
1%
#660000
0%
#661250
b11011110 :
1%
#662500
0%
#663750
b11011111 :
1%
#665000
0%
#666250
b11100000 :
1%
#667500
0%
#668750
b11100001 :
1%
#670000
0%
#671250
b11100010 :
1%
#672500
0%
#673750
b11100011 :
1%
#675000
0%
#676250
b11100100 :
1%
#677500
0%
#678750
b11100101 :
1%
#680000
0%
#681250
b11100110 :
1%
#682500
0%
#683750
b11100111 :
1%
#685000
0%
#686250
b11101000 :
1%
#687500
0%
#688750
b11101001 :
1%
#690000
0%
#691250
b11101010 :
1%
#692500
0%
#693750
b11101011 :
1%
#695000
0%
#696250
b11101100 :
1%
#697500
0%
#698750
b11101101 :
1%
#700000
0%
#701250
b11101110 :
1%
#702500
0%
#703750
b11101111 :
1%
#705000
0%
#706250
b11110000 :
1%
#707500
0%
#708750
b11110001 :
1%
#710000
0%
#711250
b11110010 :
1%
#712500
0%
#713750
b11110011 :
1%
#715000
0%
#716250
b11110100 :
1%
#717500
0%
#718750
b11110101 :
1%
#720000
0%
#721250
b11110110 :
1%
#722500
0%
#723750
b11110111 :
1%
#725000
0%
#726250
b11111000 :
1%
#727500
0%
#728750
b11111001 :
1%
#730000
0%
#731250
b11111010 :
1%
#732500
0%
#733750
b11111011 :
1%
#735000
0%
#736250
b11111100 :
1%
#737500
0%
#738750
b11111101 :
1%
#740000
0%
#741250
b11111110 :
1%
#742500
0%
#743750
b11111111 :
1%
#745000
0%
#746250
b100000000 :
1%
#747500
0%
#748750
b100000001 :
1%
#750000
0%
1&
#751250
b100000010 :
b1 8
1%
#752500
0%
#753750
1-
b11 8
b100000011 :
1%
#755000
0%
#756250
b1 0
b100000100 :
1%
#757500
0%
#758750
b100000101 :
b10 0
1%
#760000
0%
#761250
b11 0
b100000110 :
1%
#762500
0%
#763750
b100000111 :
b100 0
1%
#765000
0%
#766250
b101 0
b100001000 :
1%
#767500
0%
#768750
b100001001 :
b110 0
1%
#770000
0%
#771250
b111 0
b100001010 :
1%
#772500
0%
#773750
b100001011 :
b1000 0
1%
#775000
0%
#776250
b1001 0
b100001100 :
1%
#777500
0%
#778750
b100001101 :
b1010 0
1%
#780000
0%
#781250
b1011 0
b100001110 :
1%
#782500
0%
#783750
b100001111 :
b1100 0
1%
#785000
0%
#786250
b1101 0
b100010000 :
1%
#787500
0%
#788750
b100010001 :
b1110 0
1%
#790000
0%
#791250
b1111 0
b100010010 :
1%
#792500
0%
#793750
b100010011 :
b10000 0
1%
#795000
0%
#796250
b10001 0
b100010100 :
1%
#797500
0%
#798750
b100010101 :
b10010 0
1%
#800000
0%
#801250
b10011 0
b100010110 :
1%
#802500
0%
#803750
b100010111 :
b10100 0
1%
#805000
0%
#806250
b10101 0
b100011000 :
1%
#807500
0%
#808750
b100011001 :
b10110 0
1%
#810000
0%
#811250
b10111 0
b100011010 :
1%
#812500
0%
#813750
b100011011 :
b11000 0
1%
#815000
0%
#816250
b11001 0
b100011100 :
1%
#817500
0%
#818750
b100011101 :
b11010 0
1%
#820000
0%
#821250
b11011 0
b100011110 :
1%
#822500
0%
#823750
b100011111 :
b11100 0
1%
#825000
0%
#826250
b11101 0
b100100000 :
1%
#827500
0%
#828750
b100100001 :
b11110 0
1%
#830000
0%
#831250
b11111 0
b100100010 :
1%
#832500
0%
#833750
b100100011 :
b100000 0
1%
#835000
0%
#836250
b100001 0
b100100100 :
1%
#837500
0%
#838750
b100100101 :
b100010 0
1%
#840000
0%
#841250
b100011 0
b100100110 :
1%
#842500
0%
#843750
b100100111 :
b100100 0
1%
#845000
0%
#846250
b100101 0
b100101000 :
1%
#847500
0%
#848750
b100101001 :
b100110 0
1%
#850000
0%
#851250
b100111 0
b100101010 :
1%
#852500
0%
#853750
b100101011 :
b101000 0
1%
#855000
0%
#856250
b101001 0
b100101100 :
1%
#857500
0%
#858750
b100101101 :
b101010 0
1%
#860000
0%
#861250
b101011 0
b100101110 :
1%
#862500
0%
#863750
b100101111 :
b101100 0
1%
#865000
0%
#866250
b101101 0
b100110000 :
1%
#867500
0%
#868750
b100110001 :
b101110 0
1%
#870000
0%
#871250
b101111 0
b100110010 :
1%
#872500
0%
#873750
b100110011 :
b110000 0
1%
#875000
0%
#876250
b110001 0
b100110100 :
1%
#877500
0%
#878750
b100110101 :
b110010 0
1%
#880000
0%
#881250
b110011 0
b100110110 :
1%
#882500
0%
#883750
b100110111 :
b110100 0
1%
#885000
0%
#886250
b110101 0
b100111000 :
1%
#887500
0%
#888750
b100111001 :
b110110 0
1%
#890000
0%
#891250
b110111 0
b100111010 :
1%
#892500
0%
#893750
b100111011 :
b111000 0
1%
#895000
0%
#896250
b111001 0
b100111100 :
1%
#897500
0%
#898750
b100111101 :
b111010 0
1%
#900000
0%
#901250
b111011 0
b100111110 :
1%
#902500
0%
#903750
b100111111 :
b111100 0
1%
#905000
0%
#906250
b111101 0
b101000000 :
1%
#907500
0%
#908750
b101000001 :
b111110 0
1%
#910000
0%
#911250
b111111 0
b101000010 :
1%
#912500
0%
#913750
b101000011 :
b1000000 0
1%
#915000
0%
#916250
b1000001 0
b101000100 :
1%
#917500
0%
#918750
b101000101 :
b1000010 0
1%
#920000
0%
#921250
b1000011 0
b101000110 :
1%
#922500
0%
#923750
b101000111 :
b1000100 0
1%
#925000
0%
#926250
b1000101 0
b101001000 :
1%
#927500
0%
#928750
b101001001 :
b1000110 0
1%
#930000
0%
#931250
b1000111 0
b101001010 :
1%
#932500
0%
#933750
b101001011 :
b1001000 0
1%
#935000
0%
#936250
b1001001 0
b101001100 :
1%
#937500
0%
#938750
b101001101 :
b1001010 0
1%
#940000
0%
#941250
b1001011 0
b101001110 :
1%
#942500
0%
#943750
b101001111 :
b1001100 0
1%
#945000
0%
#946250
b1001101 0
b101010000 :
1%
#947500
0%
#948750
b101010001 :
b1001110 0
1%
#950000
0%
1*
0)
#951250
b1001111 0
b101010010 :
b1 7
b10 6
1%
#952500
0%
#953750
1.
0/
b11 7
b0 6
b101010011 :
b1010000 0
1%
#955000
0%
#956250
b1 1
b101010100 :
1%
#957500
0%
#958750
b101010101 :
b10 1
1%
#960000
0%
#961250
b11 1
b101010110 :
1%
#962500
0%
#963750
b101010111 :
b100 1
1%
#965000
0%
#966250
b101 1
b101011000 :
1%
#967500
0%
#968750
b101011001 :
b110 1
1%
#970000
0%
#971250
b111 1
b101011010 :
1%
#972500
0%
#973750
b101011011 :
b1000 1
1%
#975000
0%
#976250
b1001 1
b101011100 :
1%
#977500
0%
#978750
b101011101 :
b1010 1
1%
#980000
0%
#981250
b1011 1
b101011110 :
1%
#982500
0%
#983750
b101011111 :
b1100 1
1%
#985000
0%
#986250
b1101 1
b101100000 :
1%
#987500
0%
#988750
b101100001 :
b1110 1
1%
#990000
0%
#991250
b1111 1
b101100010 :
1%
#992500
0%
#993750
b101100011 :
b10000 1
1%
#995000
0%
#996250
b10001 1
b101100100 :
1%
#997500
0%
#998750
b101100101 :
b10010 1
1%
#1000000
0%
#1001250
b10011 1
b101100110 :
1%
#1002500
0%
#1003750
b101100111 :
b10100 1
1%
#1005000
0%
#1006250
b10101 1
b101101000 :
1%
#1007500
0%
#1008750
b101101001 :
b10110 1
1%
#1010000
0%
#1011250
b10111 1
b101101010 :
1%
#1012500
0%
#1013750
b101101011 :
b11000 1
1%
#1015000
0%
#1016250
b11001 1
b101101100 :
1%
#1017500
0%
#1018750
b101101101 :
b11010 1
1%
#1020000
0%
#1021250
b11011 1
b101101110 :
1%
#1022500
0%
#1023750
b101101111 :
b11100 1
1%
#1025000
0%
#1026250
b11101 1
b101110000 :
1%
#1027500
0%
#1028750
b101110001 :
b11110 1
1%
#1030000
0%
#1031250
b11111 1
b101110010 :
1%
#1032500
0%
#1033750
b101110011 :
b100000 1
1%
#1035000
0%
#1036250
b100001 1
b101110100 :
1%
#1037500
0%
#1038750
b101110101 :
b100010 1
1%
#1040000
0%
#1041250
b100011 1
b101110110 :
1%
#1042500
0%
#1043750
b101110111 :
b100100 1
1%
#1045000
0%
#1046250
b100101 1
b101111000 :
1%
#1047500
0%
#1048750
b101111001 :
b100110 1
1%
#1050000
0%
#1051250
b100111 1
b101111010 :
1%
#1052500
0%
#1053750
b101111011 :
b101000 1
1%
#1055000
0%
#1056250
b101001 1
b101111100 :
1%
#1057500
0%
#1058750
b101111101 :
b101010 1
1%
#1060000
0%
#1061250
b101011 1
b101111110 :
1%
#1062500
0%
#1063750
b101111111 :
b101100 1
1%
#1065000
0%
#1066250
b101101 1
b110000000 :
1%
#1067500
0%
#1068750
b110000001 :
b101110 1
1%
#1070000
0%
#1071250
b101111 1
b110000010 :
1%
#1072500
0%
#1073750
b110000011 :
b110000 1
1%
#1075000
0%
#1076250
b110001 1
b110000100 :
1%
#1077500
0%
#1078750
b110000101 :
b110010 1
1%
#1080000
0%
#1081250
b110011 1
b110000110 :
1%
#1082500
0%
#1083750
b110000111 :
b110100 1
1%
#1085000
0%
#1086250
b110101 1
b110001000 :
1%
#1087500
0%
#1088750
b110001001 :
b110110 1
1%
#1090000
0%
#1091250
b110111 1
b110001010 :
1%
#1092500
0%
#1093750
b110001011 :
b111000 1
1%
#1095000
0%
#1096250
b111001 1
b110001100 :
1%
#1097500
0%
#1098750
b110001101 :
b111010 1
1%
#1100000
0%
#1101250
b111011 1
b110001110 :
1%
#1102500
0%
#1103750
b110001111 :
b111100 1
1%
#1105000
0%
#1106250
b111101 1
b110010000 :
1%
#1107500
0%
#1108750
b110010001 :
b111110 1
1%
#1110000
0%
#1111250
b111111 1
b110010010 :
1%
#1112500
0%
#1113750
b110010011 :
b1000000 1
1%
#1115000
0%
#1116250
b1000001 1
b110010100 :
1%
#1117500
0%
#1118750
b110010101 :
b1000010 1
1%
#1120000
0%
#1121250
b1000011 1
b110010110 :
1%
#1122500
0%
#1123750
b110010111 :
b1000100 1
1%
#1125000
0%
#1126250
b1000101 1
b110011000 :
1%
#1127500
0%
#1128750
b110011001 :
b1000110 1
1%
#1130000
0%
#1131250
b1000111 1
b110011010 :
1%
#1132500
0%
#1133750
b110011011 :
b1001000 1
1%
#1135000
0%
#1136250
b1001001 1
b110011100 :
1%
#1137500
0%
#1138750
b110011101 :
b1001010 1
1%
#1140000
0%
#1141250
b1001011 1
b110011110 :
1%
#1142500
0%
#1143750
b110011111 :
b1001100 1
1%
#1145000
0%
#1146250
b1001101 1
b110100000 :
1%
#1147500
0%
#1148750
b110100001 :
b1001110 1
1%
#1150000
0%
0&
#1151250
b1001111 1
b110100010 :
b10 8
1%
#1152500
0%
#1153750
0-
b0 8
b110100011 :
b1010000 1
1%
#1155000
0%
#1156250
b110100100 :
1%
#1157500
0%
#1158750
b110100101 :
1%
#1160000
0%
#1161250
b110100110 :
1%
#1162500
0%
#1163750
b110100111 :
1%
#1165000
0%
#1166250
b110101000 :
1%
#1167500
0%
#1168750
b110101001 :
1%
#1170000
0%
#1171250
b110101010 :
1%
#1172500
0%
#1173750
b110101011 :
1%
#1175000
0%
#1176250
b110101100 :
1%
#1177500
0%
#1178750
b110101101 :
1%
#1180000
0%
#1181250
b110101110 :
1%
#1182500
0%
#1183750
b110101111 :
1%
#1185000
0%
#1186250
b110110000 :
1%
#1187500
0%
#1188750
b110110001 :
1%
#1190000
0%
#1191250
b110110010 :
1%
#1192500
0%
#1193750
b110110011 :
1%
#1195000
0%
#1196250
b110110100 :
1%
#1197500
0%
#1198750
b110110101 :
1%
#1200000
0%
#1201250
b110110110 :
1%
#1202500
0%
#1203750
b110110111 :
1%
#1205000
0%
#1206250
b110111000 :
1%
#1207500
0%
#1208750
b110111001 :
1%
#1210000
0%
#1211250
b110111010 :
1%
#1212500
0%
#1213750
b110111011 :
1%
#1215000
0%
#1216250
b110111100 :
1%
#1217500
0%
#1218750
b110111101 :
1%
#1220000
0%
#1221250
b110111110 :
1%
#1222500
0%
#1223750
b110111111 :
1%
#1225000
0%
#1226250
b111000000 :
1%
#1227500
0%
#1228750
b111000001 :
1%
#1230000
0%
#1231250
b111000010 :
1%
#1232500
0%
#1233750
b111000011 :
1%
#1235000
0%
#1236250
b111000100 :
1%
#1237500
0%
#1238750
b111000101 :
1%
#1240000
0%
#1241250
b111000110 :
1%
#1242500
0%
#1243750
b111000111 :
1%
#1245000
0%
#1246250
b111001000 :
1%
#1247500
0%
#1248750
b111001001 :
1%
#1250000
0%
#1251250
b111001010 :
1%
#1252500
0%
#1253750
b111001011 :
1%
#1255000
0%
#1256250
b111001100 :
1%
#1257500
0%
#1258750
b111001101 :
1%
#1260000
0%
#1261250
b111001110 :
1%
#1262500
0%
#1263750
b111001111 :
1%
#1265000
0%
#1266250
b111010000 :
1%
#1267500
0%
#1268750
b111010001 :
1%
#1270000
0%
#1271250
b111010010 :
1%
#1272500
0%
#1273750
b111010011 :
1%
#1275000
0%
#1276250
b111010100 :
1%
#1277500
0%
#1278750
b111010101 :
1%
#1280000
0%
#1281250
b111010110 :
1%
#1282500
0%
#1283750
b111010111 :
1%
#1285000
0%
#1286250
b111011000 :
1%
#1287500
0%
#1288750
b111011001 :
1%
#1290000
0%
#1291250
b111011010 :
1%
#1292500
0%
#1293750
b111011011 :
1%
#1295000
0%
#1296250
b111011100 :
1%
#1297500
0%
#1298750
b111011101 :
1%
#1300000
0%
0*
#1301250
b111011110 :
b10 7
1%
#1302500
0%
#1303750
0.
b0 7
b111011111 :
1%
#1305000
0%
#1306250
b111100000 :
1%
#1307500
0%
#1308750
b111100001 :
1%
#1310000
0%
#1311250
b111100010 :
1%
#1312500
0%
#1313750
b111100011 :
1%
#1315000
0%
#1316250
b111100100 :
1%
#1317500
0%
#1318750
b111100101 :
1%
#1320000
0%
#1321250
b111100110 :
1%
#1322500
0%
#1323750
b111100111 :
1%
#1325000
0%
#1326250
b111101000 :
1%
#1327500
0%
#1328750
b111101001 :
1%
#1330000
0%
#1331250
b111101010 :
1%
#1332500
0%
#1333750
b111101011 :
1%
#1335000
0%
#1336250
b111101100 :
1%
#1337500
0%
#1338750
b111101101 :
1%
#1340000
0%
#1341250
b111101110 :
1%
#1342500
0%
#1343750
b111101111 :
1%
#1345000
0%
#1346250
b111110000 :
1%
#1347500
0%
#1348750
b111110001 :
1%
#1350000
0%
#1351250
b111110010 :
1%
#1352500
0%
#1353750
b111110011 :
1%
#1355000
0%
#1356250
b111110100 :
1%
#1357500
0%
#1358750
b111110101 :
1%
#1360000
0%
#1361250
b111110110 :
1%
#1362500
0%
#1363750
b111110111 :
1%
#1365000
0%
#1366250
b111111000 :
1%
#1367500
0%
#1368750
b111111001 :
1%
#1370000
0%
#1371250
b111111010 :
1%
#1372500
0%
#1373750
b111111011 :
1%
#1375000
0%
#1376250
b111111100 :
1%
#1377500
0%
#1378750
b111111101 :
1%
#1380000
0%
#1381250
b111111110 :
1%
#1382500
0%
#1383750
b111111111 :
1%
#1385000
0%
#1386250
b1000000000 :
1%
#1387500
0%
#1388750
b1000000001 :
1%
#1390000
0%
#1391250
b1000000010 :
1%
#1392500
0%
#1393750
b1000000011 :
1%
#1395000
0%
#1396250
b1000000100 :
1%
#1397500
0%
#1398750
b1000000101 :
1%
#1400000
0%
#1401250
b1000000110 :
1%
#1402500
0%
#1403750
b1000000111 :
1%
#1405000
0%
#1406250
b1000001000 :
1%
#1407500
0%
#1408750
b1000001001 :
1%
#1410000
0%
#1411250
b1000001010 :
1%
#1412500
0%
#1413750
b1000001011 :
1%
#1415000
0%
#1416250
b1000001100 :
1%
#1417500
0%
#1418750
b1000001101 :
1%
#1420000
0%
#1421250
b1000001110 :
1%
#1422500
0%
#1423750
b1000001111 :
1%
#1425000
0%
#1426250
b1000010000 :
1%
#1427500
0%
#1428750
b1000010001 :
1%
#1430000
0%
#1431250
b1000010010 :
1%
#1432500
0%
#1433750
b1000010011 :
1%
#1435000
0%
#1436250
b1000010100 :
1%
#1437500
0%
#1438750
b1000010101 :
1%
#1440000
0%
#1441250
b1000010110 :
1%
#1442500
0%
#1443750
b1000010111 :
1%
#1445000
0%
#1446250
b1000011000 :
1%
#1447500
0%
#1448750
b1000011001 :
1%
#1450000
0%
#1451250
b1000011010 :
1%
#1452500
0%
#1453750
b1000011011 :
1%
#1455000
0%
#1456250
b1000011100 :
1%
#1457500
0%
#1458750
b1000011101 :
1%
#1460000
0%
#1461250
b1000011110 :
1%
#1462500
0%
#1463750
b1000011111 :
1%
#1465000
0%
#1466250
b1000100000 :
1%
#1467500
0%
#1468750
b1000100001 :
1%
#1470000
0%
#1471250
b1000100010 :
1%
#1472500
0%
#1473750
b1000100011 :
1%
#1475000
0%
#1476250
b1000100100 :
1%
#1477500
0%
#1478750
b1000100101 :
1%
#1480000
0%
#1481250
b1000100110 :
1%
#1482500
0%
#1483750
b1000100111 :
1%
#1485000
0%
#1486250
b1000101000 :
1%
#1487500
0%
#1488750
b1000101001 :
1%
#1490000
0%
#1491250
b1000101010 :
1%
#1492500
0%
#1493750
b1000101011 :
1%
#1495000
0%
#1496250
b1000101100 :
1%
#1497500
0%
#1498750
b1000101101 :
1%
#1500000
0%
0'
#1501250
b1000101110 :
b110 5
1%
#1502500
0%
#1503750
b100 5
b1000101111 :
1%
#1505000
0%
#1506250
b1000110000 :
b0 5
1%
#1507500
0%
#1508750
b1000110001 :
1%
#1510000
0%
#1511250
b1000110010 :
1%
#1512500
0%
#1513750
b1000110011 :
1%
#1515000
0%
#1516250
b1000110100 :
1%
#1517500
0%
#1518750
b1000110101 :
1%
#1520000
0%
#1521250
b1000110110 :
1%
#1522500
0%
#1523750
b1000110111 :
1%
#1525000
0%
#1526250
b1000111000 :
1%
#1527500
0%
#1528750
b1000111001 :
1%
#1530000
0%
#1531250
b1000111010 :
1%
#1532500
0%
#1533750
b1000111011 :
1%
#1535000
0%
#1536250
b1000111100 :
1%
#1537500
0%
#1538750
b1000111101 :
1%
#1540000
0%
#1541250
b1000111110 :
1%
#1542500
0%
#1543750
b1000111111 :
1%
#1545000
0%
#1546250
b1001000000 :
1%
#1547500
0%
#1548750
b1001000001 :
1%
#1550000
0%
#1551250
b1001000010 :
1%
#1552500
0%
#1553750
b1001000011 :
1%
#1555000
0%
#1556250
b1001000100 :
1%
#1557500
0%
#1558750
b1001000101 :
1%
#1560000
0%
#1561250
b1001000110 :
1%
#1562500
0%
#1563750
b1001000111 :
1%
#1565000
0%
#1566250
b1001001000 :
1%
#1567500
0%
#1568750
b1001001001 :
1%
#1570000
0%
#1571250
b1001001010 :
1%
#1572500
0%
#1573750
b1001001011 :
1%
#1575000
0%
#1576250
b1001001100 :
1%
#1577500
0%
#1578750
b1001001101 :
1%
#1580000
0%
#1581250
b1001001110 :
1%
#1582500
0%
#1583750
b1001001111 :
1%
#1585000
0%
#1586250
b1001010000 :
1%
#1587500
0%
#1588750
b1001010001 :
1%
#1590000
0%
#1591250
b1001010010 :
1%
#1592500
0%
#1593750
b1001010011 :
1%
#1595000
0%
#1596250
b1001010100 :
1%
#1597500
0%
#1598750
b1001010101 :
1%
#1600000
0%
#1601250
b1001010110 :
1%
#1602500
0%
#1603750
b1001010111 :
1%
#1605000
0%
#1606250
1,
0;
1%
#1607500
0%
#1608750
0,
0<
1!
19
b1010000 "
b1010000 4
b1010000 #
b1010000 3
1%
#1610000
0%
#1611250
0!
09
1%
#1612500
0%
#1613750
1%
#1615000
0%
#1616250
1%
#1617500
0%
#1618750
1%
#1620000
0%
#1621250
1%
#1622500
0%
#1623750
1%
#1625000
0%
#1626250
1%
#1627500
0%
#1628750
1%
#1630000
0%
#1631250
1%
#1632500
0%
#1633750
1%
#1635000
0%
#1636250
1%
#1637500
0%
#1638750
1%
#1640000
0%
#1641250
1%
#1642500
0%
#1643750
1%
#1645000
0%
#1646250
1%
#1647500
0%
#1648750
1%
#1650000
0%
#1651250
1%
#1652500
0%
#1653750
1%
#1655000
0%
#1656250
1%
#1657500
0%
#1658750
1%
#1660000
0%
#1661250
1%
#1662500
0%
#1663750
1%
#1665000
0%
#1666250
1%
#1667500
0%
#1668750
1%
#1670000
0%
#1671250
1%
#1672500
0%
#1673750
1%
#1675000
0%
#1676250
1%
#1677500
0%
#1678750
1%
#1680000
0%
#1681250
1%
#1682500
0%
#1683750
1%
#1685000
0%
#1686250
1%
#1687500
0%
#1688750
1%
#1690000
0%
#1691250
1%
#1692500
0%
#1693750
1%
#1695000
0%
#1696250
1%
#1697500
0%
#1698750
1%
#1700000
0%
#1701250
1%
#1702500
0%
#1703750
1%
#1705000
0%
#1706250
1%
#1707500
0%
#1708750
1%
#1710000
0%
#1711250
1%
#1712500
0%
#1713750
1%
#1715000
0%
#1716250
1%
#1717500
0%
#1718750
1%
#1720000
0%
#1721250
1%
#1722500
0%
#1723750
1%
#1725000
0%
#1726250
1%
#1727500
0%
#1728750
1%
#1730000
0%
#1731250
1%
#1732500
0%
#1733750
1%
#1735000
0%
#1736250
1%
#1737500
0%
#1738750
1%
#1740000
0%
#1741250
1%
#1742500
0%
#1743750
1%
#1745000
0%
#1746250
1%
#1747500
0%
#1748750
1%
#1750000
0%
#1751250
1%
#1752500
0%
#1753750
1%
#1755000
0%
#1756250
1%
#1757500
0%
#1758750
1%
#1760000
0%
#1761250
1%
#1762500
0%
#1763750
1%
#1765000
0%
#1766250
1%
#1767500
0%
#1768750
1%
#1770000
0%
#1771250
1%
#1772500
0%
#1773750
1%
#1775000
0%
#1776250
1%
#1777500
0%
#1778750
1%
#1780000
0%
#1781250
1%
#1782500
0%
#1783750
1%
#1785000
0%
#1786250
1%
#1787500
0%
#1788750
1%
#1790000
0%
#1791250
1%
#1792500
0%
#1793750
1%
#1795000
0%
#1796250
1%
#1797500
0%
#1798750
1%
#1800000
0%
#1801250
1%
#1802500
0%
#1803750
1%
#1805000
0%
#1806250
1%
#1807500
0%
#1808750
1%
#1810000
0%
#1811250
1%
#1812500
0%
#1813750
1%
#1815000
0%
#1816250
1%
#1817500
0%
#1818750
1%
#1820000
0%
#1821250
1%
#1822500
0%
#1823750
1%
#1825000
0%
#1826250
1%
#1827500
0%
#1828750
1%
#1830000
0%
#1831250
1%
#1832500
0%
#1833750
1%
#1835000
0%
#1836250
1%
#1837500
0%
#1838750
1%
#1840000
0%
#1841250
1%
#1842500
0%
#1843750
1%
#1845000
0%
#1846250
1%
#1847500
0%
#1848750
1%
#1850000
0%
#1851250
1%
#1852500
0%
#1853750
1%
#1855000
0%
#1856250
1%
#1857500
0%
#1858750
1%
#1860000
0%
#1861250
1%
#1862500
0%
#1863750
1%
#1865000
0%
#1866250
1%
#1867500
0%
#1868750
1%
#1870000
0%
#1871250
1%
#1872500
0%
#1873750
1%
#1875000
0%
#1876250
1%
#1877500
0%
#1878750
1%
#1880000
0%
#1881250
1%
#1882500
0%
#1883750
1%
#1885000
0%
#1886250
1%
#1887500
0%
#1888750
1%
#1890000
0%
#1891250
1%
#1892500
0%
#1893750
1%
#1895000
0%
#1896250
1%
#1897500
0%
#1898750
1%
#1900000
0%
#1901250
1%
#1902500
0%
#1903750
1%
#1905000
0%
#1906250
1%
#1907500
0%
#1908750
1%
#1910000
0%
#1911250
1%
#1912500
0%
#1913750
1%
#1915000
0%
#1916250
1%
#1917500
0%
#1918750
1%
#1920000
0%
#1921250
1%
#1922500
0%
#1923750
1%
#1925000
0%
#1926250
1%
#1927500
0%
#1928750
1%
#1930000
0%
#1931250
1%
#1932500
0%
#1933750
1%
#1935000
0%
#1936250
1%
#1937500
0%
#1938750
1%
#1940000
0%
#1941250
1%
#1942500
0%
#1943750
1%
#1945000
0%
#1946250
1%
#1947500
0%
#1948750
1%
#1950000
0%
#1951250
1%
#1952500
0%
#1953750
1%
#1955000
0%
#1956250
1%
#1957500
0%
#1958750
1%
#1960000
0%
#1961250
1%
#1962500
0%
#1963750
1%
#1965000
0%
#1966250
1%
#1967500
0%
#1968750
1%
#1970000
0%
#1971250
1%
#1972500
0%
#1973750
1%
#1975000
0%
#1976250
1%
#1977500
0%
#1978750
1%
#1980000
0%
#1981250
1%
#1982500
0%
#1983750
1%
#1985000
0%
#1986250
1%
#1987500
0%
#1988750
1%
#1990000
0%
#1991250
1%
#1992500
0%
#1993750
1%
#1995000
0%
#1996250
1%
#1997500
0%
#1998750
1%
#2000000
0%
#2001250
1%
#2002500
0%
#2003750
1%
#2005000
0%
#2006250
1%
#2007500
0%
#2008750
1%
#2010000
0%
#2011250
1%
#2012500
0%
#2013750
1%
#2015000
0%
#2016250
1%
#2017500
0%
#2018750
1%
#2020000
0%
#2021250
1%
#2022500
0%
#2023750
1%
#2025000
0%
#2026250
1%
#2027500
0%
#2028750
1%
#2030000
0%
#2031250
1%
#2032500
0%
#2033750
1%
#2035000
0%
#2036250
1%
#2037500
0%
#2038750
1%
#2040000
0%
#2041250
1%
#2042500
0%
#2043750
1%
#2045000
0%
#2046250
1%
#2047500
0%
#2048750
1%
#2050000
0%
#2051250
1%
#2052500
0%
#2053750
1%
#2055000
0%
#2056250
1%
#2057500
0%
#2058750
1%
#2060000
0%
#2061250
1%
#2062500
0%
#2063750
1%
#2065000
0%
#2066250
1%
#2067500
0%
#2068750
1%
#2070000
0%
#2071250
1%
#2072500
0%
#2073750
1%
#2075000
0%
#2076250
1%
#2077500
0%
#2078750
1%
#2080000
0%
#2081250
1%
#2082500
0%
#2083750
1%
#2085000
0%
#2086250
1%
#2087500
0%
#2088750
1%
#2090000
0%
#2091250
1%
#2092500
0%
#2093750
1%
#2095000
0%
#2096250
1%
#2097500
0%
#2098750
1%
#2100000
0%
#2101250
1%
#2102500
0%
#2103750
1%
#2105000
0%
#2106250
1%
#2107500
0%
#2108750
1%
#2110000
0%
#2111250
1%
#2112500
0%
#2113750
1%
#2115000
0%
#2116250
1%
#2117500
0%
#2118750
1%
#2120000
0%
#2121250
1%
#2122500
0%
#2123750
1%
#2125000
0%
#2126250
1%
#2127500
0%
#2128750
1%
#2130000
0%
#2131250
1%
#2132500
0%
#2133750
1%
#2135000
0%
#2136250
1%
#2137500
0%
#2138750
1%
#2140000
0%
#2141250
1%
#2142500
0%
#2143750
1%
#2145000
0%
#2146250
1%
#2147500
0%
#2148750
1%
#2150000
0%
#2151250
1%
#2152500
0%
#2153750
1%
#2155000
0%
#2156250
1%
#2157500
0%
#2158750
1%
#2160000
0%
#2161250
1%
#2162500
0%
#2163750
1%
#2165000
0%
#2166250
1%
#2167500
0%
#2168750
1%
#2170000
0%
#2171250
1%
#2172500
0%
#2173750
1%
#2175000
0%
#2176250
1%
#2177500
0%
#2178750
1%
#2180000
0%
#2181250
1%
#2182500
0%
#2183750
1%
#2185000
0%
#2186250
1%
#2187500
0%
#2188750
1%
#2190000
0%
#2191250
1%
#2192500
0%
#2193750
1%
#2195000
0%
#2196250
1%
#2197500
0%
#2198750
1%
#2200000
0%
#2201250
1%
#2202500
0%
#2203750
1%
#2205000
0%
#2206250
1%
#2207500
0%
#2208750
1%
#2210000
0%
#2211250
1%
#2212500
0%
#2213750
1%
#2215000
0%
#2216250
1%
#2217500
0%
#2218750
1%
#2220000
0%
#2221250
1%
#2222500
0%
#2223750
1%
#2225000
0%
#2226250
1%
#2227500
0%
#2228750
1%
#2230000
0%
#2231250
1%
#2232500
0%
#2233750
1%
#2235000
0%
#2236250
1%
#2237500
0%
#2238750
1%
#2240000
0%
#2241250
1%
#2242500
0%
#2243750
1%
#2245000
0%
#2246250
1%
#2247500
0%
#2248750
1%
#2250000
0%
#2251250
1%
#2252500
0%
#2253750
1%
#2255000
0%
#2256250
1%
#2257500
0%
#2258750
1%
#2260000
0%
#2261250
1%
#2262500
0%
#2263750
1%
#2265000
0%
#2266250
1%
#2267500
0%
#2268750
1%
#2270000
0%
#2271250
1%
#2272500
0%
#2273750
1%
#2275000
0%
#2276250
1%
#2277500
0%
#2278750
1%
#2280000
0%
#2281250
1%
#2282500
0%
#2283750
1%
#2285000
0%
#2286250
1%
#2287500
0%
#2288750
1%
#2290000
0%
#2291250
1%
#2292500
0%
#2293750
1%
#2295000
0%
#2296250
1%
#2297500
0%
#2298750
1%
#2300000
0%
#2301250
1%
#2302500
0%
#2303750
1%
#2305000
0%
#2306250
1%
#2307500
0%
#2308750
1%
#2310000
0%
#2311250
1%
#2312500
0%
#2313750
1%
#2315000
0%
#2316250
1%
#2317500
0%
#2318750
1%
#2320000
0%
#2321250
1%
#2322500
0%
#2323750
1%
#2325000
0%
#2326250
1%
#2327500
0%
#2328750
1%
#2330000
0%
#2331250
1%
#2332500
0%
#2333750
1%
#2335000
0%
#2336250
1%
#2337500
0%
#2338750
1%
#2340000
0%
#2341250
1%
#2342500
0%
#2343750
1%
#2345000
0%
#2346250
1%
#2347500
0%
#2348750
1%
#2350000
0%
#2351250
1%
#2352500
0%
#2353750
1%
#2355000
0%
#2356250
1%
#2357500
0%
#2358750
1%
#2360000
0%
#2361250
1%
#2362500
0%
#2363750
1%
#2365000
0%
#2366250
1%
#2367500
0%
#2368750
1%
#2370000
0%
#2371250
1%
#2372500
0%
#2373750
1%
#2375000
0%
#2376250
1%
#2377500
0%
#2378750
1%
#2380000
0%
#2381250
1%
#2382500
0%
#2383750
1%
#2385000
0%
#2386250
1%
#2387500
0%
#2388750
1%
#2390000
0%
#2391250
1%
#2392500
0%
#2393750
1%
#2395000
0%
#2396250
1%
#2397500
0%
#2398750
1%
#2400000
0%
#2401250
1%
#2402500
0%
#2403750
1%
#2405000
0%
#2406250
1%
#2407500
0%
#2408750
1%
#2410000
0%
#2411250
1%
#2412500
0%
#2413750
1%
#2415000
0%
#2416250
1%
#2417500
0%
#2418750
1%
#2420000
0%
#2421250
1%
#2422500
0%
#2423750
1%
#2425000
0%
#2426250
1%
#2427500
0%
#2428750
1%
#2430000
0%
#2431250
1%
#2432500
0%
#2433750
1%
#2435000
0%
#2436250
1%
#2437500
0%
#2438750
1%
#2440000
0%
#2441250
1%
#2442500
0%
#2443750
1%
#2445000
0%
#2446250
1%
#2447500
0%
#2448750
1%
#2450000
0%
#2451250
1%
#2452500
0%
#2453750
1%
#2455000
0%
#2456250
1%
#2457500
0%
#2458750
1%
#2460000
0%
#2461250
1%
#2462500
0%
#2463750
1%
#2465000
0%
#2466250
1%
#2467500
0%
#2468750
1%
#2470000
0%
#2471250
1%
#2472500
0%
#2473750
1%
#2475000
0%
#2476250
1%
#2477500
0%
#2478750
1%
#2480000
0%
#2481250
1%
#2482500
0%
#2483750
1%
#2485000
0%
#2486250
1%
#2487500
0%
#2488750
1%
#2490000
0%
#2491250
1%
#2492500
0%
#2493750
1%
#2495000
0%
#2496250
1%
#2497500
0%
#2498750
1%
#2500000
0%
1'
b111110100 =
#2501250
b1 5
1%
#2502500
0%
#2503750
1+
b11 5
1%
#2505000
0%
#2506250
0+
b0 1
b0 0
b0 :
1;
b111 5
1%
#2507500
0%
#2508750
b1 :
1<
1%
#2510000
0%
#2511250
b10 :
1%
#2512500
0%
#2513750
b11 :
1%
#2515000
0%
#2516250
b100 :
1%
#2517500
0%
#2518750
b101 :
1%
#2520000
0%
#2521250
b110 :
1%
#2522500
0%
#2523750
b111 :
1%
#2525000
0%
#2526250
b1000 :
1%
#2527500
0%
#2528750
b1001 :
1%
#2530000
0%
#2531250
b1010 :
1%
#2532500
0%
#2533750
b1011 :
1%
#2535000
0%
#2536250
b1100 :
1%
#2537500
0%
#2538750
b1101 :
1%
#2540000
0%
#2541250
b1110 :
1%
#2542500
0%
#2543750
b1111 :
1%
#2545000
0%
#2546250
b10000 :
1%
#2547500
0%
#2548750
b10001 :
1%
#2550000
0%
#2551250
b10010 :
1%
#2552500
0%
#2553750
b10011 :
1%
#2555000
0%
#2556250
b10100 :
1%
#2557500
0%
#2558750
b10101 :
1%
#2560000
0%
#2561250
b10110 :
1%
#2562500
0%
#2563750
b10111 :
1%
#2565000
0%
#2566250
b11000 :
1%
#2567500
0%
#2568750
b11001 :
1%
#2570000
0%
#2571250
b11010 :
1%
#2572500
0%
#2573750
b11011 :
1%
#2575000
0%
#2576250
b11100 :
1%
#2577500
0%
#2578750
b11101 :
1%
#2580000
0%
#2581250
b11110 :
1%
#2582500
0%
#2583750
b11111 :
1%
#2585000
0%
#2586250
b100000 :
1%
#2587500
0%
#2588750
b100001 :
1%
#2590000
0%
#2591250
b100010 :
1%
#2592500
0%
#2593750
b100011 :
1%
#2595000
0%
#2596250
b100100 :
1%
#2597500
0%
#2598750
b100101 :
1%
#2600000
0%
#2601250
b100110 :
1%
#2602500
0%
#2603750
b100111 :
1%
#2605000
0%
#2606250
b101000 :
1%
#2607500
0%
#2608750
b101001 :
1%
#2610000
0%
#2611250
b101010 :
1%
#2612500
0%
#2613750
b101011 :
1%
#2615000
0%
#2616250
b101100 :
1%
#2617500
0%
#2618750
b101101 :
1%
#2620000
0%
#2621250
b101110 :
1%
#2622500
0%
#2623750
b101111 :
1%
#2625000
0%
#2626250
b110000 :
1%
#2627500
0%
#2628750
b110001 :
1%
#2630000
0%
#2631250
b110010 :
1%
#2632500
0%
#2633750
b110011 :
1%
#2635000
0%
#2636250
b110100 :
1%
#2637500
0%
#2638750
b110101 :
1%
#2640000
0%
#2641250
b110110 :
1%
#2642500
0%
#2643750
b110111 :
1%
#2645000
0%
#2646250
b111000 :
1%
#2647500
0%
#2648750
b111001 :
1%
#2650000
0%
#2651250
b111010 :
1%
#2652500
0%
#2653750
b111011 :
1%
#2655000
0%
#2656250
b111100 :
1%
#2657500
0%
#2658750
b111101 :
1%
#2660000
0%
#2661250
b111110 :
1%
#2662500
0%
#2663750
b111111 :
1%
#2665000
0%
#2666250
b1000000 :
1%
#2667500
0%
#2668750
b1000001 :
1%
#2670000
0%
#2671250
b1000010 :
1%
#2672500
0%
#2673750
b1000011 :
1%
#2675000
0%
#2676250
b1000100 :
1%
#2677500
0%
#2678750
b1000101 :
1%
#2680000
0%
#2681250
b1000110 :
1%
#2682500
0%
#2683750
b1000111 :
1%
#2685000
0%
#2686250
b1001000 :
1%
#2687500
0%
#2688750
b1001001 :
1%
#2690000
0%
#2691250
b1001010 :
1%
#2692500
0%
#2693750
b1001011 :
1%
#2695000
0%
#2696250
b1001100 :
1%
#2697500
0%
#2698750
b1001101 :
1%
#2700000
0%
#2701250
b1001110 :
1%
#2702500
0%
#2703750
b1001111 :
1%
#2705000
0%
#2706250
b1010000 :
1%
#2707500
0%
#2708750
b1010001 :
1%
#2710000
0%
#2711250
b1010010 :
1%
#2712500
0%
#2713750
b1010011 :
1%
#2715000
0%
#2716250
b1010100 :
1%
#2717500
0%
#2718750
b1010101 :
1%
#2720000
0%
#2721250
b1010110 :
1%
#2722500
0%
#2723750
b1010111 :
1%
#2725000
0%
#2726250
b1011000 :
1%
#2727500
0%
#2728750
b1011001 :
1%
#2730000
0%
#2731250
b1011010 :
1%
#2732500
0%
#2733750
b1011011 :
1%
#2735000
0%
#2736250
b1011100 :
1%
#2737500
0%
#2738750
b1011101 :
1%
#2740000
0%
#2741250
b1011110 :
1%
#2742500
0%
#2743750
b1011111 :
1%
#2745000
0%
#2746250
b1100000 :
1%
#2747500
0%
#2748750
b1100001 :
1%
#2750000
0%
#2751250
b1100010 :
1%
#2752500
0%
#2753750
b1100011 :
1%
#2755000
0%
#2756250
b1100100 :
1%
#2757500
0%
#2758750
b1100101 :
1%
#2760000
0%
#2761250
b1100110 :
1%
#2762500
0%
#2763750
b1100111 :
1%
#2765000
0%
#2766250
b1101000 :
1%
#2767500
0%
#2768750
b1101001 :
1%
#2770000
0%
#2771250
b1101010 :
1%
#2772500
0%
#2773750
b1101011 :
1%
#2775000
0%
#2776250
b1101100 :
1%
#2777500
0%
#2778750
b1101101 :
1%
#2780000
0%
#2781250
b1101110 :
1%
#2782500
0%
#2783750
b1101111 :
1%
#2785000
0%
#2786250
b1110000 :
1%
#2787500
0%
#2788750
b1110001 :
1%
#2790000
0%
#2791250
b1110010 :
1%
#2792500
0%
#2793750
b1110011 :
1%
#2795000
0%
#2796250
b1110100 :
1%
#2797500
0%
#2798750
b1110101 :
1%
#2800000
0%
#2801250
b1110110 :
1%
#2802500
0%
#2803750
b1110111 :
1%
#2805000
0%
#2806250
b1111000 :
1%
#2807500
0%
#2808750
b1111001 :
1%
#2810000
0%
#2811250
b1111010 :
1%
#2812500
0%
#2813750
b1111011 :
1%
#2815000
0%
#2816250
b1111100 :
1%
#2817500
0%
#2818750
b1111101 :
1%
#2820000
0%
#2821250
b1111110 :
1%
#2822500
0%
#2823750
b1111111 :
1%
#2825000
0%
#2826250
b10000000 :
1%
#2827500
0%
#2828750
b10000001 :
1%
#2830000
0%
#2831250
b10000010 :
1%
#2832500
0%
#2833750
b10000011 :
1%
#2835000
0%
#2836250
b10000100 :
1%
#2837500
0%
#2838750
b10000101 :
1%
#2840000
0%
#2841250
b10000110 :
1%
#2842500
0%
#2843750
b10000111 :
1%
#2845000
0%
#2846250
b10001000 :
1%
#2847500
0%
#2848750
b10001001 :
1%
#2850000
0%
#2851250
b10001010 :
1%
#2852500
0%
#2853750
b10001011 :
1%
#2855000
0%
#2856250
b10001100 :
1%
#2857500
0%
#2858750
b10001101 :
1%
#2860000
0%
#2861250
b10001110 :
1%
#2862500
0%
#2863750
b10001111 :
1%
#2865000
0%
#2866250
b10010000 :
1%
#2867500
0%
#2868750
b10010001 :
1%
#2870000
0%
#2871250
b10010010 :
1%
#2872500
0%
#2873750
b10010011 :
1%
#2875000
0%
#2876250
b10010100 :
1%
#2877500
0%
#2878750
b10010101 :
1%
#2880000
0%
#2881250
b10010110 :
1%
#2882500
0%
#2883750
b10010111 :
1%
#2885000
0%
#2886250
b10011000 :
1%
#2887500
0%
#2888750
b10011001 :
1%
#2890000
0%
#2891250
b10011010 :
1%
#2892500
0%
#2893750
b10011011 :
1%
#2895000
0%
#2896250
b10011100 :
1%
#2897500
0%
#2898750
b10011101 :
1%
#2900000
0%
#2901250
b10011110 :
1%
#2902500
0%
#2903750
b10011111 :
1%
#2905000
0%
#2906250
b10100000 :
1%
#2907500
0%
#2908750
b10100001 :
1%
#2910000
0%
#2911250
b10100010 :
1%
#2912500
0%
#2913750
b10100011 :
1%
#2915000
0%
#2916250
b10100100 :
1%
#2917500
0%
#2918750
b10100101 :
1%
#2920000
0%
#2921250
b10100110 :
1%
#2922500
0%
#2923750
b10100111 :
1%
#2925000
0%
#2926250
b10101000 :
1%
#2927500
0%
#2928750
b10101001 :
1%
#2930000
0%
#2931250
b10101010 :
1%
#2932500
0%
#2933750
b10101011 :
1%
#2935000
0%
#2936250
b10101100 :
1%
#2937500
0%
#2938750
b10101101 :
1%
#2940000
0%
#2941250
b10101110 :
1%
#2942500
0%
#2943750
b10101111 :
1%
#2945000
0%
#2946250
b10110000 :
1%
#2947500
0%
#2948750
b10110001 :
1%
#2950000
0%
#2951250
b10110010 :
1%
#2952500
0%
#2953750
b10110011 :
1%
#2955000
0%
#2956250
b10110100 :
1%
#2957500
0%
#2958750
b10110101 :
1%
#2960000
0%
#2961250
b10110110 :
1%
#2962500
0%
#2963750
b10110111 :
1%
#2965000
0%
#2966250
b10111000 :
1%
#2967500
0%
#2968750
b10111001 :
1%
#2970000
0%
#2971250
b10111010 :
1%
#2972500
0%
#2973750
b10111011 :
1%
#2975000
0%
#2976250
b10111100 :
1%
#2977500
0%
#2978750
b10111101 :
1%
#2980000
0%
#2981250
b10111110 :
1%
#2982500
0%
#2983750
b10111111 :
1%
#2985000
0%
#2986250
b11000000 :
1%
#2987500
0%
#2988750
b11000001 :
1%
#2990000
0%
#2991250
b11000010 :
1%
#2992500
0%
#2993750
b11000011 :
1%
#2995000
0%
#2996250
b11000100 :
1%
#2997500
0%
#2998750
b11000101 :
1%
#3000000
0%
1)
1&
#3001250
b11000110 :
b1 8
b1 6
1%
#3002500
0%
#3003750
1-
1/
b11 8
b11 6
b11000111 :
1%
#3005000
0%
#3006250
b1 0
b11001000 :
1%
#3007500
0%
#3008750
b11001001 :
b10 0
1%
#3010000
0%
#3011250
b11 0
b11001010 :
1%
#3012500
0%
#3013750
b11001011 :
b100 0
1%
#3015000
0%
#3016250
b101 0
b11001100 :
1%
#3017500
0%
#3018750
b11001101 :
b110 0
1%
#3020000
0%
#3021250
b111 0
b11001110 :
1%
#3022500
0%
#3023750
b11001111 :
b1000 0
1%
#3025000
0%
#3026250
b1001 0
b11010000 :
1%
#3027500
0%
#3028750
b11010001 :
b1010 0
1%
#3030000
0%
#3031250
b1011 0
b11010010 :
1%
#3032500
0%
#3033750
b11010011 :
b1100 0
1%
#3035000
0%
#3036250
b1101 0
b11010100 :
1%
#3037500
0%
#3038750
b11010101 :
b1110 0
1%
#3040000
0%
#3041250
b1111 0
b11010110 :
1%
#3042500
0%
#3043750
b11010111 :
b10000 0
1%
#3045000
0%
#3046250
b10001 0
b11011000 :
1%
#3047500
0%
#3048750
b11011001 :
b10010 0
1%
#3050000
0%
#3051250
b10011 0
b11011010 :
1%
#3052500
0%
#3053750
b11011011 :
b10100 0
1%
#3055000
0%
#3056250
b10101 0
b11011100 :
1%
#3057500
0%
#3058750
b11011101 :
b10110 0
1%
#3060000
0%
#3061250
b10111 0
b11011110 :
1%
#3062500
0%
#3063750
b11011111 :
b11000 0
1%
#3065000
0%
#3066250
b11001 0
b11100000 :
1%
#3067500
0%
#3068750
b11100001 :
b11010 0
1%
#3070000
0%
#3071250
b11011 0
b11100010 :
1%
#3072500
0%
#3073750
b11100011 :
b11100 0
1%
#3075000
0%
#3076250
b11101 0
b11100100 :
1%
#3077500
0%
#3078750
b11100101 :
b11110 0
1%
#3080000
0%
#3081250
b11111 0
b11100110 :
1%
#3082500
0%
#3083750
b11100111 :
b100000 0
1%
#3085000
0%
#3086250
b100001 0
b11101000 :
1%
#3087500
0%
#3088750
b11101001 :
b100010 0
1%
#3090000
0%
#3091250
b100011 0
b11101010 :
1%
#3092500
0%
#3093750
b11101011 :
b100100 0
1%
#3095000
0%
#3096250
b100101 0
b11101100 :
1%
#3097500
0%
#3098750
b11101101 :
b100110 0
1%
#3100000
0%
#3101250
b100111 0
b11101110 :
1%
#3102500
0%
#3103750
b11101111 :
b101000 0
1%
#3105000
0%
#3106250
b101001 0
b11110000 :
1%
#3107500
0%
#3108750
b11110001 :
b101010 0
1%
#3110000
0%
#3111250
b101011 0
b11110010 :
1%
#3112500
0%
#3113750
b11110011 :
b101100 0
1%
#3115000
0%
#3116250
b101101 0
b11110100 :
1%
#3117500
0%
#3118750
b11110101 :
b101110 0
1%
#3120000
0%
#3121250
b101111 0
b11110110 :
1%
#3122500
0%
#3123750
b11110111 :
b110000 0
1%
#3125000
0%
#3126250
b110001 0
b11111000 :
1%
#3127500
0%
#3128750
b11111001 :
b110010 0
1%
#3130000
0%
#3131250
b110011 0
b11111010 :
1%
#3132500
0%
#3133750
b11111011 :
b110100 0
1%
#3135000
0%
#3136250
b110101 0
b11111100 :
1%
#3137500
0%
#3138750
b11111101 :
b110110 0
1%
#3140000
0%
#3141250
b110111 0
b11111110 :
1%
#3142500
0%
#3143750
b11111111 :
b111000 0
1%
#3145000
0%
#3146250
b111001 0
b100000000 :
1%
#3147500
0%
#3148750
b100000001 :
b111010 0
1%
#3150000
0%
#3151250
b111011 0
b100000010 :
1%
#3152500
0%
#3153750
b100000011 :
b111100 0
1%
#3155000
0%
#3156250
b111101 0
b100000100 :
1%
#3157500
0%
#3158750
b100000101 :
b111110 0
1%
#3160000
0%
#3161250
b111111 0
b100000110 :
1%
#3162500
0%
#3163750
b100000111 :
b1000000 0
1%
#3165000
0%
#3166250
b1000001 0
b100001000 :
1%
#3167500
0%
#3168750
b100001001 :
b1000010 0
1%
#3170000
0%
#3171250
b1000011 0
b100001010 :
1%
#3172500
0%
#3173750
b100001011 :
b1000100 0
1%
#3175000
0%
#3176250
b1000101 0
b100001100 :
1%
#3177500
0%
#3178750
b100001101 :
b1000110 0
1%
#3180000
0%
#3181250
b1000111 0
b100001110 :
1%
#3182500
0%
#3183750
b100001111 :
b1001000 0
1%
#3185000
0%
#3186250
b1001001 0
b100010000 :
1%
#3187500
0%
#3188750
b100010001 :
b1001010 0
1%
#3190000
0%
#3191250
b1001011 0
b100010010 :
1%
#3192500
0%
#3193750
b100010011 :
b1001100 0
1%
#3195000
0%
#3196250
b1001101 0
b100010100 :
1%
#3197500
0%
#3198750
b100010101 :
b1001110 0
1%
#3200000
0%
#3201250
b1001111 0
b100010110 :
1%
#3202500
0%
#3203750
b100010111 :
b1010000 0
1%
#3205000
0%
#3206250
b1010001 0
b100011000 :
1%
#3207500
0%
#3208750
b100011001 :
b1010010 0
1%
#3210000
0%
#3211250
b1010011 0
b100011010 :
1%
#3212500
0%
#3213750
b100011011 :
b1010100 0
1%
#3215000
0%
#3216250
b1010101 0
b100011100 :
1%
#3217500
0%
#3218750
b100011101 :
b1010110 0
1%
#3220000
0%
#3221250
b1010111 0
b100011110 :
1%
#3222500
0%
#3223750
b100011111 :
b1011000 0
1%
#3225000
0%
#3226250
b1011001 0
b100100000 :
1%
#3227500
0%
#3228750
b100100001 :
b1011010 0
1%
#3230000
0%
#3231250
b1011011 0
b100100010 :
1%
#3232500
0%
#3233750
b100100011 :
b1011100 0
1%
#3235000
0%
#3236250
b1011101 0
b100100100 :
1%
#3237500
0%
#3238750
b100100101 :
b1011110 0
1%
#3240000
0%
#3241250
b1011111 0
b100100110 :
1%
#3242500
0%
#3243750
b100100111 :
b1100000 0
1%
#3245000
0%
#3246250
b1100001 0
b100101000 :
1%
#3247500
0%
#3248750
b100101001 :
b1100010 0
1%
#3250000
0%
#3251250
b1100011 0
b100101010 :
1%
#3252500
0%
#3253750
b100101011 :
b1100100 0
1%
#3255000
0%
#3256250
b1100101 0
b100101100 :
1%
#3257500
0%
#3258750
b100101101 :
b1100110 0
1%
#3260000
0%
#3261250
b1100111 0
b100101110 :
1%
#3262500
0%
#3263750
b100101111 :
b1101000 0
1%
#3265000
0%
#3266250
b1101001 0
b100110000 :
1%
#3267500
0%
#3268750
b100110001 :
b1101010 0
1%
#3270000
0%
#3271250
b1101011 0
b100110010 :
1%
#3272500
0%
#3273750
b100110011 :
b1101100 0
1%
#3275000
0%
#3276250
b1101101 0
b100110100 :
1%
#3277500
0%
#3278750
b100110101 :
b1101110 0
1%
#3280000
0%
#3281250
b1101111 0
b100110110 :
1%
#3282500
0%
#3283750
b100110111 :
b1110000 0
1%
#3285000
0%
#3286250
b1110001 0
b100111000 :
1%
#3287500
0%
#3288750
b100111001 :
b1110010 0
1%
#3290000
0%
#3291250
b1110011 0
b100111010 :
1%
#3292500
0%
#3293750
b100111011 :
b1110100 0
1%
#3295000
0%
#3296250
b1110101 0
b100111100 :
1%
#3297500
0%
#3298750
b100111101 :
b1110110 0
1%
#3300000
0%
#3301250
b1110111 0
b100111110 :
1%
#3302500
0%
#3303750
b100111111 :
b1111000 0
1%
#3305000
0%
#3306250
b1111001 0
b101000000 :
1%
#3307500
0%
#3308750
b101000001 :
b1111010 0
1%
#3310000
0%
#3311250
b1111011 0
b101000010 :
1%
#3312500
0%
#3313750
b101000011 :
b1111100 0
1%
#3315000
0%
#3316250
b1111101 0
b101000100 :
1%
#3317500
0%
#3318750
b101000101 :
b1111110 0
1%
#3320000
0%
#3321250
b1111111 0
b101000110 :
1%
#3322500
0%
#3323750
b101000111 :
b10000000 0
1%
#3325000
0%
#3326250
b10000001 0
b101001000 :
1%
#3327500
0%
#3328750
b101001001 :
b10000010 0
1%
#3330000
0%
#3331250
b10000011 0
b101001010 :
1%
#3332500
0%
#3333750
b101001011 :
b10000100 0
1%
#3335000
0%
#3336250
b10000101 0
b101001100 :
1%
#3337500
0%
#3338750
b101001101 :
b10000110 0
1%
#3340000
0%
#3341250
b10000111 0
b101001110 :
1%
#3342500
0%
#3343750
b101001111 :
b10001000 0
1%
#3345000
0%
#3346250
b10001001 0
b101010000 :
1%
#3347500
0%
#3348750
b101010001 :
b10001010 0
1%
#3350000
0%
1*
0)
#3351250
b10001011 0
b101010010 :
b1 7
b10 6
1%
#3352500
0%
#3353750
1.
0/
b11 7
b0 6
b101010011 :
b10001100 0
1%
#3355000
0%
#3356250
b1 1
b101010100 :
1%
#3357500
0%
#3358750
b101010101 :
b10 1
1%
#3360000
0%
#3361250
b11 1
b101010110 :
1%
#3362500
0%
#3363750
b101010111 :
b100 1
1%
#3365000
0%
#3366250
b101 1
b101011000 :
1%
#3367500
0%
#3368750
b101011001 :
b110 1
1%
#3370000
0%
#3371250
b111 1
b101011010 :
1%
#3372500
0%
#3373750
b101011011 :
b1000 1
1%
#3375000
0%
#3376250
b1001 1
b101011100 :
1%
#3377500
0%
#3378750
b101011101 :
b1010 1
1%
#3380000
0%
#3381250
b1011 1
b101011110 :
1%
#3382500
0%
#3383750
b101011111 :
b1100 1
1%
#3385000
0%
#3386250
b1101 1
b101100000 :
1%
#3387500
0%
#3388750
b101100001 :
b1110 1
1%
#3390000
0%
#3391250
b1111 1
b101100010 :
1%
#3392500
0%
#3393750
b101100011 :
b10000 1
1%
#3395000
0%
#3396250
b10001 1
b101100100 :
1%
#3397500
0%
#3398750
b101100101 :
b10010 1
1%
#3400000
0%
0&
#3401250
b10011 1
b101100110 :
b10 8
1%
#3402500
0%
#3403750
0-
b0 8
b101100111 :
b10100 1
1%
#3405000
0%
#3406250
b101101000 :
1%
#3407500
0%
#3408750
b101101001 :
1%
#3410000
0%
#3411250
b101101010 :
1%
#3412500
0%
#3413750
b101101011 :
1%
#3415000
0%
#3416250
b101101100 :
1%
#3417500
0%
#3418750
b101101101 :
1%
#3420000
0%
#3421250
b101101110 :
1%
#3422500
0%
#3423750
b101101111 :
1%
#3425000
0%
#3426250
b101110000 :
1%
#3427500
0%
#3428750
b101110001 :
1%
#3430000
0%
#3431250
b101110010 :
1%
#3432500
0%
#3433750
b101110011 :
1%
#3435000
0%
#3436250
b101110100 :
1%
#3437500
0%
#3438750
b101110101 :
1%
#3440000
0%
#3441250
b101110110 :
1%
#3442500
0%
#3443750
b101110111 :
1%
#3445000
0%
#3446250
b101111000 :
1%
#3447500
0%
#3448750
b101111001 :
1%
#3450000
0%
#3451250
b101111010 :
1%
#3452500
0%
#3453750
b101111011 :
1%
#3455000
0%
#3456250
b101111100 :
1%
#3457500
0%
#3458750
b101111101 :
1%
#3460000
0%
#3461250
b101111110 :
1%
#3462500
0%
#3463750
b101111111 :
1%
#3465000
0%
#3466250
b110000000 :
1%
#3467500
0%
#3468750
b110000001 :
1%
#3470000
0%
#3471250
b110000010 :
1%
#3472500
0%
#3473750
b110000011 :
1%
#3475000
0%
#3476250
b110000100 :
1%
#3477500
0%
#3478750
b110000101 :
1%
#3480000
0%
#3481250
b110000110 :
1%
#3482500
0%
#3483750
b110000111 :
1%
#3485000
0%
#3486250
b110001000 :
1%
#3487500
0%
#3488750
b110001001 :
1%
#3490000
0%
#3491250
b110001010 :
1%
#3492500
0%
#3493750
b110001011 :
1%
#3495000
0%
#3496250
b110001100 :
1%
#3497500
0%
#3498750
b110001101 :
1%
#3500000
0%
#3501250
b110001110 :
1%
#3502500
0%
#3503750
b110001111 :
1%
#3505000
0%
#3506250
b110010000 :
1%
#3507500
0%
#3508750
b110010001 :
1%
#3510000
0%
#3511250
b110010010 :
1%
#3512500
0%
#3513750
b110010011 :
1%
#3515000
0%
#3516250
b110010100 :
1%
#3517500
0%
#3518750
b110010101 :
1%
#3520000
0%
#3521250
b110010110 :
1%
#3522500
0%
#3523750
b110010111 :
1%
#3525000
0%
#3526250
b110011000 :
1%
#3527500
0%
#3528750
b110011001 :
1%
#3530000
0%
#3531250
b110011010 :
1%
#3532500
0%
#3533750
b110011011 :
1%
#3535000
0%
#3536250
b110011100 :
1%
#3537500
0%
#3538750
b110011101 :
1%
#3540000
0%
#3541250
b110011110 :
1%
#3542500
0%
#3543750
b110011111 :
1%
#3545000
0%
#3546250
b110100000 :
1%
#3547500
0%
#3548750
b110100001 :
1%
#3550000
0%
#3551250
b110100010 :
1%
#3552500
0%
#3553750
b110100011 :
1%
#3555000
0%
#3556250
b110100100 :
1%
#3557500
0%
#3558750
b110100101 :
1%
#3560000
0%
#3561250
b110100110 :
1%
#3562500
0%
#3563750
b110100111 :
1%
#3565000
0%
#3566250
b110101000 :
1%
#3567500
0%
#3568750
b110101001 :
1%
#3570000
0%
#3571250
b110101010 :
1%
#3572500
0%
#3573750
b110101011 :
1%
#3575000
0%
#3576250
b110101100 :
1%
#3577500
0%
#3578750
b110101101 :
1%
#3580000
0%
#3581250
b110101110 :
1%
#3582500
0%
#3583750
b110101111 :
1%
#3585000
0%
#3586250
b110110000 :
1%
#3587500
0%
#3588750
b110110001 :
1%
#3590000
0%
#3591250
b110110010 :
1%
#3592500
0%
#3593750
b110110011 :
1%
#3595000
0%
#3596250
b110110100 :
1%
#3597500
0%
#3598750
b110110101 :
1%
#3600000
0%
#3601250
b110110110 :
1%
#3602500
0%
#3603750
b110110111 :
1%
#3605000
0%
#3606250
b110111000 :
1%
#3607500
0%
#3608750
b110111001 :
1%
#3610000
0%
#3611250
b110111010 :
1%
#3612500
0%
#3613750
b110111011 :
1%
#3615000
0%
#3616250
b110111100 :
1%
#3617500
0%
#3618750
b110111101 :
1%
#3620000
0%
#3621250
b110111110 :
1%
#3622500
0%
#3623750
b110111111 :
1%
#3625000
0%
#3626250
b111000000 :
1%
#3627500
0%
#3628750
b111000001 :
1%
#3630000
0%
#3631250
b111000010 :
1%
#3632500
0%
#3633750
b111000011 :
1%
#3635000
0%
#3636250
b111000100 :
1%
#3637500
0%
#3638750
b111000101 :
1%
#3640000
0%
#3641250
b111000110 :
1%
#3642500
0%
#3643750
b111000111 :
1%
#3645000
0%
#3646250
b111001000 :
1%
#3647500
0%
#3648750
b111001001 :
1%
#3650000
0%
#3651250
b111001010 :
1%
#3652500
0%
#3653750
b111001011 :
1%
#3655000
0%
#3656250
b111001100 :
1%
#3657500
0%
#3658750
b111001101 :
1%
#3660000
0%
#3661250
b111001110 :
1%
#3662500
0%
#3663750
b111001111 :
1%
#3665000
0%
#3666250
b111010000 :
1%
#3667500
0%
#3668750
b111010001 :
1%
#3670000
0%
#3671250
b111010010 :
1%
#3672500
0%
#3673750
b111010011 :
1%
#3675000
0%
#3676250
b111010100 :
1%
#3677500
0%
#3678750
b111010101 :
1%
#3680000
0%
#3681250
b111010110 :
1%
#3682500
0%
#3683750
b111010111 :
1%
#3685000
0%
#3686250
b111011000 :
1%
#3687500
0%
#3688750
b111011001 :
1%
#3690000
0%
#3691250
b111011010 :
1%
#3692500
0%
#3693750
b111011011 :
1%
#3695000
0%
#3696250
b111011100 :
1%
#3697500
0%
#3698750
b111011101 :
1%
#3700000
0%
0*
#3701250
b111011110 :
b10 7
1%
#3702500
0%
#3703750
0.
b0 7
b111011111 :
1%
#3705000
0%
#3706250
b111100000 :
1%
#3707500
0%
#3708750
b111100001 :
1%
#3710000
0%
#3711250
b111100010 :
1%
#3712500
0%
#3713750
b111100011 :
1%
#3715000
0%
#3716250
b111100100 :
1%
#3717500
0%
#3718750
b111100101 :
1%
#3720000
0%
#3721250
b111100110 :
1%
#3722500
0%
#3723750
b111100111 :
1%
#3725000
0%
#3726250
b111101000 :
1%
#3727500
0%
#3728750
b111101001 :
1%
#3730000
0%
#3731250
b111101010 :
1%
#3732500
0%
#3733750
b111101011 :
1%
#3735000
0%
#3736250
b111101100 :
1%
#3737500
0%
#3738750
b111101101 :
1%
#3740000
0%
#3741250
b111101110 :
1%
#3742500
0%
#3743750
b111101111 :
1%
#3745000
0%
#3746250
b111110000 :
1%
#3747500
0%
#3748750
b111110001 :
1%
#3750000
0%
#3751250
b111110010 :
1%
#3752500
0%
#3753750
b111110011 :
1%
#3755000
0%
#3756250
b111110100 :
1%
#3757500
0%
#3758750
b111110101 :
1%
#3760000
0%
#3761250
b111110110 :
1%
#3762500
0%
#3763750
b111110111 :
1%
#3765000
0%
#3766250
b111111000 :
1%
#3767500
0%
#3768750
b111111001 :
1%
#3770000
0%
#3771250
b111111010 :
1%
#3772500
0%
#3773750
b111111011 :
1%
#3775000
0%
#3776250
b111111100 :
1%
#3777500
0%
#3778750
b111111101 :
1%
#3780000
0%
#3781250
b111111110 :
1%
#3782500
0%
#3783750
b111111111 :
1%
#3785000
0%
#3786250
b1000000000 :
1%
#3787500
0%
#3788750
b1000000001 :
1%
#3790000
0%
#3791250
b1000000010 :
1%
#3792500
0%
#3793750
b1000000011 :
1%
#3795000
0%
#3796250
b1000000100 :
1%
#3797500
0%
#3798750
b1000000101 :
1%
#3800000
0%
#3801250
b1000000110 :
1%
#3802500
0%
#3803750
b1000000111 :
1%
#3805000
0%
#3806250
b1000001000 :
1%
#3807500
0%
#3808750
b1000001001 :
1%
#3810000
0%
#3811250
b1000001010 :
1%
#3812500
0%
#3813750
b1000001011 :
1%
#3815000
0%
#3816250
b1000001100 :
1%
#3817500
0%
#3818750
b1000001101 :
1%
#3820000
0%
#3821250
b1000001110 :
1%
#3822500
0%
#3823750
b1000001111 :
1%
#3825000
0%
#3826250
b1000010000 :
1%
#3827500
0%
#3828750
b1000010001 :
1%
#3830000
0%
#3831250
b1000010010 :
1%
#3832500
0%
#3833750
b1000010011 :
1%
#3835000
0%
#3836250
b1000010100 :
1%
#3837500
0%
#3838750
b1000010101 :
1%
#3840000
0%
#3841250
b1000010110 :
1%
#3842500
0%
#3843750
b1000010111 :
1%
#3845000
0%
#3846250
b1000011000 :
1%
#3847500
0%
#3848750
b1000011001 :
1%
#3850000
0%
#3851250
b1000011010 :
1%
#3852500
0%
#3853750
b1000011011 :
1%
#3855000
0%
#3856250
b1000011100 :
1%
#3857500
0%
#3858750
b1000011101 :
1%
#3860000
0%
#3861250
b1000011110 :
1%
#3862500
0%
#3863750
b1000011111 :
1%
#3865000
0%
#3866250
b1000100000 :
1%
#3867500
0%
#3868750
b1000100001 :
1%
#3870000
0%
#3871250
b1000100010 :
1%
#3872500
0%
#3873750
b1000100011 :
1%
#3875000
0%
#3876250
b1000100100 :
1%
#3877500
0%
#3878750
b1000100101 :
1%
#3880000
0%
#3881250
b1000100110 :
1%
#3882500
0%
#3883750
b1000100111 :
1%
#3885000
0%
#3886250
b1000101000 :
1%
#3887500
0%
#3888750
b1000101001 :
1%
#3890000
0%
#3891250
b1000101010 :
1%
#3892500
0%
#3893750
b1000101011 :
1%
#3895000
0%
#3896250
b1000101100 :
1%
#3897500
0%
#3898750
b1000101101 :
1%
#3900000
0%
0'
#3901250
b1000101110 :
b110 5
1%
#3902500
0%
#3903750
b100 5
b1000101111 :
1%
#3905000
0%
#3906250
b1000110000 :
b0 5
1%
#3907500
0%
#3908750
b1000110001 :
1%
#3910000
0%
#3911250
b1000110010 :
1%
#3912500
0%
#3913750
b1000110011 :
1%
#3915000
0%
#3916250
b1000110100 :
1%
#3917500
0%
#3918750
b1000110101 :
1%
#3920000
0%
#3921250
b1000110110 :
1%
#3922500
0%
#3923750
b1000110111 :
1%
#3925000
0%
#3926250
b1000111000 :
1%
#3927500
0%
#3928750
b1000111001 :
1%
#3930000
0%
#3931250
b1000111010 :
1%
#3932500
0%
#3933750
b1000111011 :
1%
#3935000
0%
#3936250
b1000111100 :
1%
#3937500
0%
#3938750
b1000111101 :
1%
#3940000
0%
#3941250
b1000111110 :
1%
#3942500
0%
#3943750
b1000111111 :
1%
#3945000
0%
#3946250
b1001000000 :
1%
#3947500
0%
#3948750
b1001000001 :
1%
#3950000
0%
#3951250
b1001000010 :
1%
#3952500
0%
#3953750
b1001000011 :
1%
#3955000
0%
#3956250
b1001000100 :
1%
#3957500
0%
#3958750
b1001000101 :
1%
#3960000
0%
#3961250
b1001000110 :
1%
#3962500
0%
#3963750
b1001000111 :
1%
#3965000
0%
#3966250
b1001001000 :
1%
#3967500
0%
#3968750
b1001001001 :
1%
#3970000
0%
#3971250
b1001001010 :
1%
#3972500
0%
#3973750
b1001001011 :
1%
#3975000
0%
#3976250
b1001001100 :
1%
#3977500
0%
#3978750
b1001001101 :
1%
#3980000
0%
#3981250
b1001001110 :
1%
#3982500
0%
#3983750
b1001001111 :
1%
#3985000
0%
#3986250
b1001010000 :
1%
#3987500
0%
#3988750
b1001010001 :
1%
#3990000
0%
#3991250
b1001010010 :
1%
#3992500
0%
#3993750
b1001010011 :
1%
#3995000
0%
#3996250
b1001010100 :
1%
#3997500
0%
#3998750
b1001010101 :
1%
#4000000
0%
#4001250
b1001010110 :
1%
#4002500
0%
#4003750
b1001010111 :
1%
#4005000
0%
#4006250
1,
0;
1%
#4007500
0%
#4008750
0,
0<
1!
19
b1111000 $
b1111000 2
b10100 "
b10100 4
b10001100 #
b10001100 3
1%
#4010000
0%
#4011250
0!
09
1%
#4012500
0%
#4013750
1%
#4015000
0%
#4016250
1%
#4017500
0%
#4018750
1%
#4020000
0%
#4021250
1%
#4022500
0%
#4023750
1%
#4025000
0%
#4026250
1%
#4027500
0%
#4028750
1%
#4030000
0%
#4031250
1%
#4032500
0%
#4033750
1%
#4035000
0%
#4036250
1%
#4037500
0%
#4038750
1%
#4040000
0%
#4041250
1%
#4042500
0%
#4043750
1%
#4045000
0%
#4046250
1%
#4047500
0%
#4048750
1%
#4050000
0%
#4051250
1%
#4052500
0%
#4053750
1%
#4055000
0%
#4056250
1%
#4057500
0%
#4058750
1%
#4060000
0%
#4061250
1%
#4062500
0%
#4063750
1%
#4065000
0%
#4066250
1%
#4067500
0%
#4068750
1%
#4070000
0%
#4071250
1%
#4072500
0%
#4073750
1%
#4075000
0%
#4076250
1%
#4077500
0%
#4078750
1%
#4080000
0%
#4081250
1%
#4082500
0%
#4083750
1%
#4085000
0%
#4086250
1%
#4087500
0%
#4088750
1%
#4090000
0%
#4091250
1%
#4092500
0%
#4093750
1%
#4095000
0%
#4096250
1%
#4097500
0%
#4098750
1%
#4100000
0%
#4101250
1%
#4102500
0%
#4103750
1%
#4105000
0%
#4106250
1%
#4107500
0%
#4108750
1%
#4110000
0%
#4111250
1%
#4112500
0%
#4113750
1%
#4115000
0%
#4116250
1%
#4117500
0%
#4118750
1%
#4120000
0%
#4121250
1%
#4122500
0%
#4123750
1%
#4125000
0%
#4126250
1%
#4127500
0%
#4128750
1%
#4130000
0%
#4131250
1%
#4132500
0%
#4133750
1%
#4135000
0%
#4136250
1%
#4137500
0%
#4138750
1%
#4140000
0%
#4141250
1%
#4142500
0%
#4143750
1%
#4145000
0%
#4146250
1%
#4147500
0%
#4148750
1%
#4150000
0%
#4151250
1%
#4152500
0%
#4153750
1%
#4155000
0%
#4156250
1%
#4157500
0%
#4158750
1%
#4160000
0%
#4161250
1%
#4162500
0%
#4163750
1%
#4165000
0%
#4166250
1%
#4167500
0%
#4168750
1%
#4170000
0%
#4171250
1%
#4172500
0%
#4173750
1%
#4175000
0%
#4176250
1%
#4177500
0%
#4178750
1%
#4180000
0%
#4181250
1%
#4182500
0%
#4183750
1%
#4185000
0%
#4186250
1%
#4187500
0%
#4188750
1%
#4190000
0%
#4191250
1%
#4192500
0%
#4193750
1%
#4195000
0%
#4196250
1%
#4197500
0%
#4198750
1%
#4200000
0%
#4201250
1%
#4202500
0%
#4203750
1%
#4205000
0%
#4206250
1%
#4207500
0%
#4208750
1%
#4210000
0%
#4211250
1%
#4212500
0%
#4213750
1%
#4215000
0%
#4216250
1%
#4217500
0%
#4218750
1%
#4220000
0%
#4221250
1%
#4222500
0%
#4223750
1%
#4225000
0%
#4226250
1%
#4227500
0%
#4228750
1%
#4230000
0%
#4231250
1%
#4232500
0%
#4233750
1%
#4235000
0%
#4236250
1%
#4237500
0%
#4238750
1%
#4240000
0%
#4241250
1%
#4242500
0%
#4243750
1%
#4245000
0%
#4246250
1%
#4247500
0%
#4248750
1%
#4250000
0%
#4251250
1%
#4252500
0%
#4253750
1%
#4255000
0%
#4256250
1%
#4257500
0%
#4258750
1%
#4260000
0%
#4261250
1%
#4262500
0%
#4263750
1%
#4265000
0%
#4266250
1%
#4267500
0%
#4268750
1%
#4270000
0%
#4271250
1%
#4272500
0%
#4273750
1%
#4275000
0%
#4276250
1%
#4277500
0%
#4278750
1%
#4280000
0%
#4281250
1%
#4282500
0%
#4283750
1%
#4285000
0%
#4286250
1%
#4287500
0%
#4288750
1%
#4290000
0%
#4291250
1%
#4292500
0%
#4293750
1%
#4295000
0%
#4296250
1%
#4297500
0%
#4298750
1%
#4300000
0%
#4301250
1%
#4302500
0%
#4303750
1%
#4305000
0%
#4306250
1%
#4307500
0%
#4308750
1%
#4310000
0%
#4311250
1%
#4312500
0%
#4313750
1%
#4315000
0%
#4316250
1%
#4317500
0%
#4318750
1%
#4320000
0%
#4321250
1%
#4322500
0%
#4323750
1%
#4325000
0%
#4326250
1%
#4327500
0%
#4328750
1%
#4330000
0%
#4331250
1%
#4332500
0%
#4333750
1%
#4335000
0%
#4336250
1%
#4337500
0%
#4338750
1%
#4340000
0%
#4341250
1%
#4342500
0%
#4343750
1%
#4345000
0%
#4346250
1%
#4347500
0%
#4348750
1%
#4350000
0%
#4351250
1%
#4352500
0%
#4353750
1%
#4355000
0%
#4356250
1%
#4357500
0%
#4358750
1%
#4360000
0%
#4361250
1%
#4362500
0%
#4363750
1%
#4365000
0%
#4366250
1%
#4367500
0%
#4368750
1%
#4370000
0%
#4371250
1%
#4372500
0%
#4373750
1%
#4375000
0%
#4376250
1%
#4377500
0%
#4378750
1%
#4380000
0%
#4381250
1%
#4382500
0%
#4383750
1%
#4385000
0%
#4386250
1%
#4387500
0%
#4388750
1%
#4390000
0%
#4391250
1%
#4392500
0%
#4393750
1%
#4395000
0%
#4396250
1%
#4397500
0%
#4398750
1%
#4400000
0%
#4401250
1%
#4402500
0%
#4403750
1%
#4405000
0%
#4406250
1%
#4407500
0%
#4408750
1%
#4410000
0%
#4411250
1%
#4412500
0%
#4413750
1%
#4415000
0%
#4416250
1%
#4417500
0%
#4418750
1%
#4420000
0%
#4421250
1%
#4422500
0%
#4423750
1%
#4425000
0%
#4426250
1%
#4427500
0%
#4428750
1%
#4430000
0%
#4431250
1%
#4432500
0%
#4433750
1%
#4435000
0%
#4436250
1%
#4437500
0%
#4438750
1%
#4440000
0%
#4441250
1%
#4442500
0%
#4443750
1%
#4445000
0%
#4446250
1%
#4447500
0%
#4448750
1%
#4450000
0%
#4451250
1%
#4452500
0%
#4453750
1%
#4455000
0%
#4456250
1%
#4457500
0%
#4458750
1%
#4460000
0%
#4461250
1%
#4462500
0%
#4463750
1%
#4465000
0%
#4466250
1%
#4467500
0%
#4468750
1%
#4470000
0%
#4471250
1%
#4472500
0%
#4473750
1%
#4475000
0%
#4476250
1%
#4477500
0%
#4478750
1%
#4480000
0%
#4481250
1%
#4482500
0%
#4483750
1%
#4485000
0%
#4486250
1%
#4487500
0%
#4488750
1%
#4490000
0%
#4491250
1%
#4492500
0%
#4493750
1%
#4495000
0%
#4496250
1%
#4497500
0%
#4498750
1%
#4500000
0%
#4501250
1%
#4502500
0%
#4503750
1%
#4505000
0%
#4506250
1%
#4507500
0%
#4508750
1%
#4510000
0%
#4511250
1%
#4512500
0%
#4513750
1%
#4515000
0%
#4516250
1%
#4517500
0%
#4518750
1%
#4520000
0%
#4521250
1%
#4522500
0%
#4523750
1%
#4525000
0%
#4526250
1%
#4527500
0%
#4528750
1%
#4530000
0%
#4531250
1%
#4532500
0%
#4533750
1%
#4535000
0%
#4536250
1%
#4537500
0%
#4538750
1%
#4540000
0%
#4541250
1%
#4542500
0%
#4543750
1%
#4545000
0%
#4546250
1%
#4547500
0%
#4548750
1%
#4550000
0%
#4551250
1%
#4552500
0%
#4553750
1%
#4555000
0%
#4556250
1%
#4557500
0%
#4558750
1%
#4560000
0%
#4561250
1%
#4562500
0%
#4563750
1%
#4565000
0%
#4566250
1%
#4567500
0%
#4568750
1%
#4570000
0%
#4571250
1%
#4572500
0%
#4573750
1%
#4575000
0%
#4576250
1%
#4577500
0%
#4578750
1%
#4580000
0%
#4581250
1%
#4582500
0%
#4583750
1%
#4585000
0%
#4586250
1%
#4587500
0%
#4588750
1%
#4590000
0%
#4591250
1%
#4592500
0%
#4593750
1%
#4595000
0%
#4596250
1%
#4597500
0%
#4598750
1%
#4600000
0%
#4601250
1%
#4602500
0%
#4603750
1%
#4605000
0%
#4606250
1%
#4607500
0%
#4608750
1%
#4610000
0%
#4611250
1%
#4612500
0%
#4613750
1%
#4615000
0%
#4616250
1%
#4617500
0%
#4618750
1%
#4620000
0%
#4621250
1%
#4622500
0%
#4623750
1%
#4625000
0%
#4626250
1%
#4627500
0%
#4628750
1%
#4630000
0%
#4631250
1%
#4632500
0%
#4633750
1%
#4635000
0%
#4636250
1%
#4637500
0%
#4638750
1%
#4640000
0%
#4641250
1%
#4642500
0%
#4643750
1%
#4645000
0%
#4646250
1%
#4647500
0%
#4648750
1%
#4650000
0%
#4651250
1%
#4652500
0%
#4653750
1%
#4655000
0%
#4656250
1%
#4657500
0%
#4658750
1%
#4660000
0%
#4661250
1%
#4662500
0%
#4663750
1%
#4665000
0%
#4666250
1%
#4667500
0%
#4668750
1%
#4670000
0%
#4671250
1%
#4672500
0%
#4673750
1%
#4675000
0%
#4676250
1%
#4677500
0%
#4678750
1%
#4680000
0%
#4681250
1%
#4682500
0%
#4683750
1%
#4685000
0%
#4686250
1%
#4687500
0%
#4688750
1%
#4690000
0%
#4691250
1%
#4692500
0%
#4693750
1%
#4695000
0%
#4696250
1%
#4697500
0%
#4698750
1%
#4700000
0%
#4701250
1%
#4702500
0%
#4703750
1%
#4705000
0%
#4706250
1%
#4707500
0%
#4708750
1%
#4710000
0%
#4711250
1%
#4712500
0%
#4713750
1%
#4715000
0%
#4716250
1%
#4717500
0%
#4718750
1%
#4720000
0%
#4721250
1%
#4722500
0%
#4723750
1%
#4725000
0%
#4726250
1%
#4727500
0%
#4728750
1%
#4730000
0%
#4731250
1%
#4732500
0%
#4733750
1%
#4735000
0%
#4736250
1%
#4737500
0%
#4738750
1%
#4740000
0%
#4741250
1%
#4742500
0%
#4743750
1%
#4745000
0%
#4746250
1%
#4747500
0%
#4748750
1%
#4750000
0%
#4751250
1%
#4752500
0%
#4753750
1%
#4755000
0%
#4756250
1%
#4757500
0%
#4758750
1%
#4760000
0%
#4761250
1%
#4762500
0%
#4763750
1%
#4765000
0%
#4766250
1%
#4767500
0%
#4768750
1%
#4770000
0%
#4771250
1%
#4772500
0%
#4773750
1%
#4775000
0%
#4776250
1%
#4777500
0%
#4778750
1%
#4780000
0%
#4781250
1%
#4782500
0%
#4783750
1%
#4785000
0%
#4786250
1%
#4787500
0%
#4788750
1%
#4790000
0%
#4791250
1%
#4792500
0%
#4793750
1%
#4795000
0%
#4796250
1%
#4797500
0%
#4798750
1%
#4800000
0%
#4801250
1%
#4802500
0%
#4803750
1%
#4805000
0%
#4806250
1%
#4807500
0%
#4808750
1%
#4810000
0%
#4811250
1%
#4812500
0%
#4813750
1%
#4815000
0%
#4816250
1%
#4817500
0%
#4818750
1%
#4820000
0%
#4821250
1%
#4822500
0%
#4823750
1%
#4825000
0%
#4826250
1%
#4827500
0%
#4828750
1%
#4830000
0%
#4831250
1%
#4832500
0%
#4833750
1%
#4835000
0%
#4836250
1%
#4837500
0%
#4838750
1%
#4840000
0%
#4841250
1%
#4842500
0%
#4843750
1%
#4845000
0%
#4846250
1%
#4847500
0%
#4848750
1%
#4850000
0%
#4851250
1%
#4852500
0%
#4853750
1%
#4855000
0%
#4856250
1%
#4857500
0%
#4858750
1%
#4860000
0%
#4861250
1%
#4862500
0%
#4863750
1%
#4865000
0%
#4866250
1%
#4867500
0%
#4868750
1%
#4870000
0%
#4871250
1%
#4872500
0%
#4873750
1%
#4875000
0%
#4876250
1%
#4877500
0%
#4878750
1%
#4880000
0%
#4881250
1%
#4882500
0%
#4883750
1%
#4885000
0%
#4886250
1%
#4887500
0%
#4888750
1%
#4890000
0%
#4891250
1%
#4892500
0%
#4893750
1%
#4895000
0%
#4896250
1%
#4897500
0%
#4898750
1%
#4900000
0%
1'
b1100100000 =
#4901250
b1 5
1%
#4902500
0%
#4903750
1+
b11 5
1%
#4905000
0%
#4906250
0+
b0 1
b0 0
b0 :
1;
b111 5
1%
#4907500
0%
#4908750
b1 :
1<
1%
#4910000
0%
#4911250
b10 :
1%
#4912500
0%
#4913750
b11 :
1%
#4915000
0%
#4916250
b100 :
1%
#4917500
0%
#4918750
b101 :
1%
#4920000
0%
#4921250
b110 :
1%
#4922500
0%
#4923750
b111 :
1%
#4925000
0%
#4926250
b1000 :
1%
#4927500
0%
#4928750
b1001 :
1%
#4930000
0%
#4931250
b1010 :
1%
#4932500
0%
#4933750
b1011 :
1%
#4935000
0%
#4936250
b1100 :
1%
#4937500
0%
#4938750
b1101 :
1%
#4940000
0%
#4941250
b1110 :
1%
#4942500
0%
#4943750
b1111 :
1%
#4945000
0%
#4946250
b10000 :
1%
#4947500
0%
#4948750
b10001 :
1%
#4950000
0%
#4951250
b10010 :
1%
#4952500
0%
#4953750
b10011 :
1%
#4955000
0%
#4956250
b10100 :
1%
#4957500
0%
#4958750
b10101 :
1%
#4960000
0%
#4961250
b10110 :
1%
#4962500
0%
#4963750
b10111 :
1%
#4965000
0%
#4966250
b11000 :
1%
#4967500
0%
#4968750
b11001 :
1%
#4970000
0%
#4971250
b11010 :
1%
#4972500
0%
#4973750
b11011 :
1%
#4975000
0%
#4976250
b11100 :
1%
#4977500
0%
#4978750
b11101 :
1%
#4980000
0%
#4981250
b11110 :
1%
#4982500
0%
#4983750
b11111 :
1%
#4985000
0%
#4986250
b100000 :
1%
#4987500
0%
#4988750
b100001 :
1%
#4990000
0%
#4991250
b100010 :
1%
#4992500
0%
#4993750
b100011 :
1%
#4995000
0%
#4996250
b100100 :
1%
#4997500
0%
#4998750
b100101 :
1%
#5000000
0%
#5001250
b100110 :
1%
#5002500
0%
#5003750
b100111 :
1%
#5005000
0%
#5006250
b101000 :
1%
#5007500
0%
#5008750
b101001 :
1%
#5010000
0%
#5011250
b101010 :
1%
#5012500
0%
#5013750
b101011 :
1%
#5015000
0%
#5016250
b101100 :
1%
#5017500
0%
#5018750
b101101 :
1%
#5020000
0%
#5021250
b101110 :
1%
#5022500
0%
#5023750
b101111 :
1%
#5025000
0%
#5026250
b110000 :
1%
#5027500
0%
#5028750
b110001 :
1%
#5030000
0%
#5031250
b110010 :
1%
#5032500
0%
#5033750
b110011 :
1%
#5035000
0%
#5036250
b110100 :
1%
#5037500
0%
#5038750
b110101 :
1%
#5040000
0%
#5041250
b110110 :
1%
#5042500
0%
#5043750
b110111 :
1%
#5045000
0%
#5046250
b111000 :
1%
#5047500
0%
#5048750
b111001 :
1%
#5050000
0%
#5051250
b111010 :
1%
#5052500
0%
#5053750
b111011 :
1%
#5055000
0%
#5056250
b111100 :
1%
#5057500
0%
#5058750
b111101 :
1%
#5060000
0%
#5061250
b111110 :
1%
#5062500
0%
#5063750
b111111 :
1%
#5065000
0%
#5066250
b1000000 :
1%
#5067500
0%
#5068750
b1000001 :
1%
#5070000
0%
#5071250
b1000010 :
1%
#5072500
0%
#5073750
b1000011 :
1%
#5075000
0%
#5076250
b1000100 :
1%
#5077500
0%
#5078750
b1000101 :
1%
#5080000
0%
#5081250
b1000110 :
1%
#5082500
0%
#5083750
b1000111 :
1%
#5085000
0%
#5086250
b1001000 :
1%
#5087500
0%
#5088750
b1001001 :
1%
#5090000
0%
#5091250
b1001010 :
1%
#5092500
0%
#5093750
b1001011 :
1%
#5095000
0%
#5096250
b1001100 :
1%
#5097500
0%
#5098750
b1001101 :
1%
#5100000
0%
#5101250
b1001110 :
1%
#5102500
0%
#5103750
b1001111 :
1%
#5105000
0%
#5106250
b1010000 :
1%
#5107500
0%
#5108750
b1010001 :
1%
#5110000
0%
#5111250
b1010010 :
1%
#5112500
0%
#5113750
b1010011 :
1%
#5115000
0%
#5116250
b1010100 :
1%
#5117500
0%
#5118750
b1010101 :
1%
#5120000
0%
#5121250
b1010110 :
1%
#5122500
0%
#5123750
b1010111 :
1%
#5125000
0%
#5126250
b1011000 :
1%
#5127500
0%
#5128750
b1011001 :
1%
#5130000
0%
#5131250
b1011010 :
1%
#5132500
0%
#5133750
b1011011 :
1%
#5135000
0%
#5136250
b1011100 :
1%
#5137500
0%
#5138750
b1011101 :
1%
#5140000
0%
#5141250
b1011110 :
1%
#5142500
0%
#5143750
b1011111 :
1%
#5145000
0%
#5146250
b1100000 :
1%
#5147500
0%
#5148750
b1100001 :
1%
#5150000
0%
#5151250
b1100010 :
1%
#5152500
0%
#5153750
b1100011 :
1%
#5155000
0%
#5156250
b1100100 :
1%
#5157500
0%
#5158750
b1100101 :
1%
#5160000
0%
#5161250
b1100110 :
1%
#5162500
0%
#5163750
b1100111 :
1%
#5165000
0%
#5166250
b1101000 :
1%
#5167500
0%
#5168750
b1101001 :
1%
#5170000
0%
#5171250
b1101010 :
1%
#5172500
0%
#5173750
b1101011 :
1%
#5175000
0%
#5176250
b1101100 :
1%
#5177500
0%
#5178750
b1101101 :
1%
#5180000
0%
#5181250
b1101110 :
1%
#5182500
0%
#5183750
b1101111 :
1%
#5185000
0%
#5186250
b1110000 :
1%
#5187500
0%
#5188750
b1110001 :
1%
#5190000
0%
#5191250
b1110010 :
1%
#5192500
0%
#5193750
b1110011 :
1%
#5195000
0%
#5196250
b1110100 :
1%
#5197500
0%
#5198750
b1110101 :
1%
#5200000
0%
#5201250
b1110110 :
1%
#5202500
0%
#5203750
b1110111 :
1%
#5205000
0%
#5206250
b1111000 :
1%
#5207500
0%
#5208750
b1111001 :
1%
#5210000
0%
#5211250
b1111010 :
1%
#5212500
0%
#5213750
b1111011 :
1%
#5215000
0%
#5216250
b1111100 :
1%
#5217500
0%
#5218750
b1111101 :
1%
#5220000
0%
#5221250
b1111110 :
1%
#5222500
0%
#5223750
b1111111 :
1%
#5225000
0%
#5226250
b10000000 :
1%
#5227500
0%
#5228750
b10000001 :
1%
#5230000
0%
#5231250
b10000010 :
1%
#5232500
0%
#5233750
b10000011 :
1%
#5235000
0%
#5236250
b10000100 :
1%
#5237500
0%
#5238750
b10000101 :
1%
#5240000
0%
#5241250
b10000110 :
1%
#5242500
0%
#5243750
b10000111 :
1%
#5245000
0%
#5246250
b10001000 :
1%
#5247500
0%
#5248750
b10001001 :
1%
#5250000
0%
#5251250
b10001010 :
1%
#5252500
0%
#5253750
b10001011 :
1%
#5255000
0%
#5256250
b10001100 :
1%
#5257500
0%
#5258750
b10001101 :
1%
#5260000
0%
#5261250
b10001110 :
1%
#5262500
0%
#5263750
b10001111 :
1%
#5265000
0%
#5266250
b10010000 :
1%
#5267500
0%
#5268750
b10010001 :
1%
#5270000
0%
#5271250
b10010010 :
1%
#5272500
0%
#5273750
b10010011 :
1%
#5275000
0%
#5276250
b10010100 :
1%
#5277500
0%
#5278750
b10010101 :
1%
#5280000
0%
#5281250
b10010110 :
1%
#5282500
0%
#5283750
b10010111 :
1%
#5285000
0%
#5286250
b10011000 :
1%
#5287500
0%
#5288750
b10011001 :
1%
#5290000
0%
#5291250
b10011010 :
1%
#5292500
0%
#5293750
b10011011 :
1%
#5295000
0%
#5296250
b10011100 :
1%
#5297500
0%
#5298750
b10011101 :
1%
#5300000
0%
#5301250
b10011110 :
1%
#5302500
0%
#5303750
b10011111 :
1%
#5305000
0%
#5306250
b10100000 :
1%
#5307500
0%
#5308750
b10100001 :
1%
#5310000
0%
#5311250
b10100010 :
1%
#5312500
0%
#5313750
b10100011 :
1%
#5315000
0%
#5316250
b10100100 :
1%
#5317500
0%
#5318750
b10100101 :
1%
#5320000
0%
#5321250
b10100110 :
1%
#5322500
0%
#5323750
b10100111 :
1%
#5325000
0%
#5326250
b10101000 :
1%
#5327500
0%
#5328750
b10101001 :
1%
#5330000
0%
#5331250
b10101010 :
1%
#5332500
0%
#5333750
b10101011 :
1%
#5335000
0%
#5336250
b10101100 :
1%
#5337500
0%
#5338750
b10101101 :
1%
#5340000
0%
#5341250
b10101110 :
1%
#5342500
0%
#5343750
b10101111 :
1%
#5345000
0%
#5346250
b10110000 :
1%
#5347500
0%
#5348750
b10110001 :
1%
#5350000
0%
#5351250
b10110010 :
1%
#5352500
0%
#5353750
b10110011 :
1%
#5355000
0%
#5356250
b10110100 :
1%
#5357500
0%
#5358750
b10110101 :
1%
#5360000
0%
#5361250
b10110110 :
1%
#5362500
0%
#5363750
b10110111 :
1%
#5365000
0%
#5366250
b10111000 :
1%
#5367500
0%
#5368750
b10111001 :
1%
#5370000
0%
#5371250
b10111010 :
1%
#5372500
0%
#5373750
b10111011 :
1%
#5375000
0%
#5376250
b10111100 :
1%
#5377500
0%
#5378750
b10111101 :
1%
#5380000
0%
#5381250
b10111110 :
1%
#5382500
0%
#5383750
b10111111 :
1%
#5385000
0%
#5386250
b11000000 :
1%
#5387500
0%
#5388750
b11000001 :
1%
#5390000
0%
#5391250
b11000010 :
1%
#5392500
0%
#5393750
b11000011 :
1%
#5395000
0%
#5396250
b11000100 :
1%
#5397500
0%
#5398750
b11000101 :
1%
#5400000
0%
1)
#5401250
b11000110 :
b1 6
1%
#5402500
0%
#5403750
1/
b11 6
b11000111 :
1%
#5405000
0%
#5406250
b11001000 :
1%
#5407500
0%
#5408750
b11001001 :
1%
#5410000
0%
#5411250
b11001010 :
1%
#5412500
0%
#5413750
b11001011 :
1%
#5415000
0%
#5416250
b11001100 :
1%
#5417500
0%
#5418750
b11001101 :
1%
#5420000
0%
#5421250
b11001110 :
1%
#5422500
0%
#5423750
b11001111 :
1%
#5425000
0%
#5426250
b11010000 :
1%
#5427500
0%
#5428750
b11010001 :
1%
#5430000
0%
#5431250
b11010010 :
1%
#5432500
0%
#5433750
b11010011 :
1%
#5435000
0%
#5436250
b11010100 :
1%
#5437500
0%
#5438750
b11010101 :
1%
#5440000
0%
#5441250
b11010110 :
1%
#5442500
0%
#5443750
b11010111 :
1%
#5445000
0%
#5446250
b11011000 :
1%
#5447500
0%
#5448750
b11011001 :
1%
#5450000
0%
#5451250
b11011010 :
1%
#5452500
0%
#5453750
b11011011 :
1%
#5455000
0%
#5456250
b11011100 :
1%
#5457500
0%
#5458750
b11011101 :
1%
#5460000
0%
#5461250
b11011110 :
1%
#5462500
0%
#5463750
b11011111 :
1%
#5465000
0%
#5466250
b11100000 :
1%
#5467500
0%
#5468750
b11100001 :
1%
#5470000
0%
#5471250
b11100010 :
1%
#5472500
0%
#5473750
b11100011 :
1%
#5475000
0%
#5476250
b11100100 :
1%
#5477500
0%
#5478750
b11100101 :
1%
#5480000
0%
#5481250
b11100110 :
1%
#5482500
0%
#5483750
b11100111 :
1%
#5485000
0%
#5486250
b11101000 :
1%
#5487500
0%
#5488750
b11101001 :
1%
#5490000
0%
#5491250
b11101010 :
1%
#5492500
0%
#5493750
b11101011 :
1%
#5495000
0%
#5496250
b11101100 :
1%
#5497500
0%
#5498750
b11101101 :
1%
#5500000
0%
#5501250
b11101110 :
1%
#5502500
0%
#5503750
b11101111 :
1%
#5505000
0%
#5506250
b11110000 :
1%
#5507500
0%
#5508750
b11110001 :
1%
#5510000
0%
#5511250
b11110010 :
1%
#5512500
0%
#5513750
b11110011 :
1%
#5515000
0%
#5516250
b11110100 :
1%
#5517500
0%
#5518750
b11110101 :
1%
#5520000
0%
#5521250
b11110110 :
1%
#5522500
0%
#5523750
b11110111 :
1%
#5525000
0%
#5526250
b11111000 :
1%
#5527500
0%
#5528750
b11111001 :
1%
#5530000
0%
#5531250
b11111010 :
1%
#5532500
0%
#5533750
b11111011 :
1%
#5535000
0%
#5536250
b11111100 :
1%
#5537500
0%
#5538750
b11111101 :
1%
#5540000
0%
#5541250
b11111110 :
1%
#5542500
0%
#5543750
b11111111 :
1%
#5545000
0%
#5546250
b100000000 :
1%
#5547500
0%
#5548750
b100000001 :
1%
#5550000
0%
#5551250
b100000010 :
1%
#5552500
0%
#5553750
b100000011 :
1%
#5555000
0%
#5556250
b100000100 :
1%
#5557500
0%
#5558750
b100000101 :
1%
#5560000
0%
#5561250
b100000110 :
1%
#5562500
0%
#5563750
b100000111 :
1%
#5565000
0%
#5566250
b100001000 :
1%
#5567500
0%
#5568750
b100001001 :
1%
#5570000
0%
#5571250
b100001010 :
1%
#5572500
0%
#5573750
b100001011 :
1%
#5575000
0%
#5576250
b100001100 :
1%
#5577500
0%
#5578750
b100001101 :
1%
#5580000
0%
#5581250
b100001110 :
1%
#5582500
0%
#5583750
b100001111 :
1%
#5585000
0%
#5586250
b100010000 :
1%
#5587500
0%
#5588750
b100010001 :
1%
#5590000
0%
#5591250
b100010010 :
1%
#5592500
0%
#5593750
b100010011 :
1%
#5595000
0%
#5596250
b100010100 :
1%
#5597500
0%
#5598750
b100010101 :
1%
#5600000
0%
#5601250
b100010110 :
1%
#5602500
0%
#5603750
b100010111 :
1%
#5605000
0%
#5606250
b100011000 :
1%
#5607500
0%
#5608750
b100011001 :
1%
#5610000
0%
#5611250
b100011010 :
1%
#5612500
0%
#5613750
b100011011 :
1%
#5615000
0%
#5616250
b100011100 :
1%
#5617500
0%
#5618750
b100011101 :
1%
#5620000
0%
#5621250
b100011110 :
1%
#5622500
0%
#5623750
b100011111 :
1%
#5625000
0%
#5626250
b100100000 :
1%
#5627500
0%
#5628750
b100100001 :
1%
#5630000
0%
#5631250
b100100010 :
1%
#5632500
0%
#5633750
b100100011 :
1%
#5635000
0%
#5636250
b100100100 :
1%
#5637500
0%
#5638750
b100100101 :
1%
#5640000
0%
#5641250
b100100110 :
1%
#5642500
0%
#5643750
b100100111 :
1%
#5645000
0%
#5646250
b100101000 :
1%
#5647500
0%
#5648750
b100101001 :
1%
#5650000
0%
#5651250
b100101010 :
1%
#5652500
0%
#5653750
b100101011 :
1%
#5655000
0%
#5656250
b100101100 :
1%
#5657500
0%
#5658750
b100101101 :
1%
#5660000
0%
#5661250
b100101110 :
1%
#5662500
0%
#5663750
b100101111 :
1%
#5665000
0%
#5666250
b100110000 :
1%
#5667500
0%
#5668750
b100110001 :
1%
#5670000
0%
#5671250
b100110010 :
1%
#5672500
0%
#5673750
b100110011 :
1%
#5675000
0%
#5676250
b100110100 :
1%
#5677500
0%
#5678750
b100110101 :
1%
#5680000
0%
#5681250
b100110110 :
1%
#5682500
0%
#5683750
b100110111 :
1%
#5685000
0%
#5686250
b100111000 :
1%
#5687500
0%
#5688750
b100111001 :
1%
#5690000
0%
#5691250
b100111010 :
1%
#5692500
0%
#5693750
b100111011 :
1%
#5695000
0%
#5696250
b100111100 :
1%
#5697500
0%
#5698750
b100111101 :
1%
#5700000
0%
1&
#5701250
b100111110 :
b1 8
1%
#5702500
0%
#5703750
1-
b11 8
b100111111 :
1%
#5705000
0%
#5706250
b1 0
b101000000 :
1%
#5707500
0%
#5708750
b101000001 :
b10 0
1%
#5710000
0%
#5711250
b11 0
b101000010 :
1%
#5712500
0%
#5713750
b101000011 :
b100 0
1%
#5715000
0%
#5716250
b101 0
b101000100 :
1%
#5717500
0%
#5718750
b101000101 :
b110 0
1%
#5720000
0%
#5721250
b111 0
b101000110 :
1%
#5722500
0%
#5723750
b101000111 :
b1000 0
1%
#5725000
0%
#5726250
b1001 0
b101001000 :
1%
#5727500
0%
#5728750
b101001001 :
b1010 0
1%
#5730000
0%
#5731250
b1011 0
b101001010 :
1%
#5732500
0%
#5733750
b101001011 :
b1100 0
1%
#5735000
0%
#5736250
b1101 0
b101001100 :
1%
#5737500
0%
#5738750
b101001101 :
b1110 0
1%
#5740000
0%
#5741250
b1111 0
b101001110 :
1%
#5742500
0%
#5743750
b101001111 :
b10000 0
1%
#5745000
0%
#5746250
b10001 0
b101010000 :
1%
#5747500
0%
#5748750
b101010001 :
b10010 0
1%
#5750000
0%
1*
0)
#5751250
b10011 0
b101010010 :
b1 7
b10 6
1%
#5752500
0%
#5753750
1.
0/
b11 7
b0 6
b101010011 :
b10100 0
1%
#5755000
0%
#5756250
b1 1
b101010100 :
1%
#5757500
0%
#5758750
b101010101 :
b10 1
1%
#5760000
0%
#5761250
b11 1
b101010110 :
1%
#5762500
0%
#5763750
b101010111 :
b100 1
1%
#5765000
0%
#5766250
b101 1
b101011000 :
1%
#5767500
0%
#5768750
b101011001 :
b110 1
1%
#5770000
0%
#5771250
b111 1
b101011010 :
1%
#5772500
0%
#5773750
b101011011 :
b1000 1
1%
#5775000
0%
#5776250
b1001 1
b101011100 :
1%
#5777500
0%
#5778750
b101011101 :
b1010 1
1%
#5780000
0%
#5781250
b1011 1
b101011110 :
1%
#5782500
0%
#5783750
b101011111 :
b1100 1
1%
#5785000
0%
#5786250
b1101 1
b101100000 :
1%
#5787500
0%
#5788750
b101100001 :
b1110 1
1%
#5790000
0%
#5791250
b1111 1
b101100010 :
1%
#5792500
0%
#5793750
b101100011 :
b10000 1
1%
#5795000
0%
#5796250
b10001 1
b101100100 :
1%
#5797500
0%
#5798750
b101100101 :
b10010 1
1%
#5800000
0%
#5801250
b10011 1
b101100110 :
1%
#5802500
0%
#5803750
b101100111 :
b10100 1
1%
#5805000
0%
#5806250
b10101 1
b101101000 :
1%
#5807500
0%
#5808750
b101101001 :
b10110 1
1%
#5810000
0%
#5811250
b10111 1
b101101010 :
1%
#5812500
0%
#5813750
b101101011 :
b11000 1
1%
#5815000
0%
#5816250
b11001 1
b101101100 :
1%
#5817500
0%
#5818750
b101101101 :
b11010 1
1%
#5820000
0%
#5821250
b11011 1
b101101110 :
1%
#5822500
0%
#5823750
b101101111 :
b11100 1
1%
#5825000
0%
#5826250
b11101 1
b101110000 :
1%
#5827500
0%
#5828750
b101110001 :
b11110 1
1%
#5830000
0%
#5831250
b11111 1
b101110010 :
1%
#5832500
0%
#5833750
b101110011 :
b100000 1
1%
#5835000
0%
#5836250
b100001 1
b101110100 :
1%
#5837500
0%
#5838750
b101110101 :
b100010 1
1%
#5840000
0%
#5841250
b100011 1
b101110110 :
1%
#5842500
0%
#5843750
b101110111 :
b100100 1
1%
#5845000
0%
#5846250
b100101 1
b101111000 :
1%
#5847500
0%
#5848750
b101111001 :
b100110 1
1%
#5850000
0%
#5851250
b100111 1
b101111010 :
1%
#5852500
0%
#5853750
b101111011 :
b101000 1
1%
#5855000
0%
#5856250
b101001 1
b101111100 :
1%
#5857500
0%
#5858750
b101111101 :
b101010 1
1%
#5860000
0%
#5861250
b101011 1
b101111110 :
1%
#5862500
0%
#5863750
b101111111 :
b101100 1
1%
#5865000
0%
#5866250
b101101 1
b110000000 :
1%
#5867500
0%
#5868750
b110000001 :
b101110 1
1%
#5870000
0%
#5871250
b101111 1
b110000010 :
1%
#5872500
0%
#5873750
b110000011 :
b110000 1
1%
#5875000
0%
#5876250
b110001 1
b110000100 :
1%
#5877500
0%
#5878750
b110000101 :
b110010 1
1%
#5880000
0%
#5881250
b110011 1
b110000110 :
1%
#5882500
0%
#5883750
b110000111 :
b110100 1
1%
#5885000
0%
#5886250
b110101 1
b110001000 :
1%
#5887500
0%
#5888750
b110001001 :
b110110 1
1%
#5890000
0%
#5891250
b110111 1
b110001010 :
1%
#5892500
0%
#5893750
b110001011 :
b111000 1
1%
#5895000
0%
#5896250
b111001 1
b110001100 :
1%
#5897500
0%
#5898750
b110001101 :
b111010 1
1%
#5900000
0%
#5901250
b111011 1
b110001110 :
1%
#5902500
0%
#5903750
b110001111 :
b111100 1
1%
#5905000
0%
#5906250
b111101 1
b110010000 :
1%
#5907500
0%
#5908750
b110010001 :
b111110 1
1%
#5910000
0%
#5911250
b111111 1
b110010010 :
1%
#5912500
0%
#5913750
b110010011 :
b1000000 1
1%
#5915000
0%
#5916250
b1000001 1
b110010100 :
1%
#5917500
0%
#5918750
b110010101 :
b1000010 1
1%
#5920000
0%
#5921250
b1000011 1
b110010110 :
1%
#5922500
0%
#5923750
b110010111 :
b1000100 1
1%
#5925000
0%
#5926250
b1000101 1
b110011000 :
1%
#5927500
0%
#5928750
b110011001 :
b1000110 1
1%
#5930000
0%
#5931250
b1000111 1
b110011010 :
1%
#5932500
0%
#5933750
b110011011 :
b1001000 1
1%
#5935000
0%
#5936250
b1001001 1
b110011100 :
1%
#5937500
0%
#5938750
b110011101 :
b1001010 1
1%
#5940000
0%
#5941250
b1001011 1
b110011110 :
1%
#5942500
0%
#5943750
b110011111 :
b1001100 1
1%
#5945000
0%
#5946250
b1001101 1
b110100000 :
1%
#5947500
0%
#5948750
b110100001 :
b1001110 1
1%
#5950000
0%
#5951250
b1001111 1
b110100010 :
1%
#5952500
0%
#5953750
b110100011 :
b1010000 1
1%
#5955000
0%
#5956250
b1010001 1
b110100100 :
1%
#5957500
0%
#5958750
b110100101 :
b1010010 1
1%
#5960000
0%
#5961250
b1010011 1
b110100110 :
1%
#5962500
0%
#5963750
b110100111 :
b1010100 1
1%
#5965000
0%
#5966250
b1010101 1
b110101000 :
1%
#5967500
0%
#5968750
b110101001 :
b1010110 1
1%
#5970000
0%
#5971250
b1010111 1
b110101010 :
1%
#5972500
0%
#5973750
b110101011 :
b1011000 1
1%
#5975000
0%
#5976250
b1011001 1
b110101100 :
1%
#5977500
0%
#5978750
b110101101 :
b1011010 1
1%
#5980000
0%
#5981250
b1011011 1
b110101110 :
1%
#5982500
0%
#5983750
b110101111 :
b1011100 1
1%
#5985000
0%
#5986250
b1011101 1
b110110000 :
1%
#5987500
0%
#5988750
b110110001 :
b1011110 1
1%
#5990000
0%
#5991250
b1011111 1
b110110010 :
1%
#5992500
0%
#5993750
b110110011 :
b1100000 1
1%
#5995000
0%
#5996250
b1100001 1
b110110100 :
1%
#5997500
0%
#5998750
b110110101 :
b1100010 1
1%
#6000000
0%
#6001250
b1100011 1
b110110110 :
1%
#6002500
0%
#6003750
b110110111 :
b1100100 1
1%
#6005000
0%
#6006250
b1100101 1
b110111000 :
1%
#6007500
0%
#6008750
b110111001 :
b1100110 1
1%
#6010000
0%
#6011250
b1100111 1
b110111010 :
1%
#6012500
0%
#6013750
b110111011 :
b1101000 1
1%
#6015000
0%
#6016250
b1101001 1
b110111100 :
1%
#6017500
0%
#6018750
b110111101 :
b1101010 1
1%
#6020000
0%
#6021250
b1101011 1
b110111110 :
1%
#6022500
0%
#6023750
b110111111 :
b1101100 1
1%
#6025000
0%
#6026250
b1101101 1
b111000000 :
1%
#6027500
0%
#6028750
b111000001 :
b1101110 1
1%
#6030000
0%
#6031250
b1101111 1
b111000010 :
1%
#6032500
0%
#6033750
b111000011 :
b1110000 1
1%
#6035000
0%
#6036250
b1110001 1
b111000100 :
1%
#6037500
0%
#6038750
b111000101 :
b1110010 1
1%
#6040000
0%
#6041250
b1110011 1
b111000110 :
1%
#6042500
0%
#6043750
b111000111 :
b1110100 1
1%
#6045000
0%
#6046250
b1110101 1
b111001000 :
1%
#6047500
0%
#6048750
b111001001 :
b1110110 1
1%
#6050000
0%
#6051250
b1110111 1
b111001010 :
1%
#6052500
0%
#6053750
b111001011 :
b1111000 1
1%
#6055000
0%
#6056250
b1111001 1
b111001100 :
1%
#6057500
0%
#6058750
b111001101 :
b1111010 1
1%
#6060000
0%
#6061250
b1111011 1
b111001110 :
1%
#6062500
0%
#6063750
b111001111 :
b1111100 1
1%
#6065000
0%
#6066250
b1111101 1
b111010000 :
1%
#6067500
0%
#6068750
b111010001 :
b1111110 1
1%
#6070000
0%
#6071250
b1111111 1
b111010010 :
1%
#6072500
0%
#6073750
b111010011 :
b10000000 1
1%
#6075000
0%
#6076250
b10000001 1
b111010100 :
1%
#6077500
0%
#6078750
b111010101 :
b10000010 1
1%
#6080000
0%
#6081250
b10000011 1
b111010110 :
1%
#6082500
0%
#6083750
b111010111 :
b10000100 1
1%
#6085000
0%
#6086250
b10000101 1
b111011000 :
1%
#6087500
0%
#6088750
b111011001 :
b10000110 1
1%
#6090000
0%
#6091250
b10000111 1
b111011010 :
1%
#6092500
0%
#6093750
b111011011 :
b10001000 1
1%
#6095000
0%
#6096250
b10001001 1
b111011100 :
1%
#6097500
0%
#6098750
b111011101 :
b10001010 1
1%
#6100000
0%
0*
0&
#6101250
b10001011 1
b111011110 :
b10 8
b10 7
1%
#6102500
0%
#6103750
0-
0.
b0 8
b0 7
b111011111 :
b10001100 1
1%
#6105000
0%
#6106250
b111100000 :
1%
#6107500
0%
#6108750
b111100001 :
1%
#6110000
0%
#6111250
b111100010 :
1%
#6112500
0%
#6113750
b111100011 :
1%
#6115000
0%
#6116250
b111100100 :
1%
#6117500
0%
#6118750
b111100101 :
1%
#6120000
0%
#6121250
b111100110 :
1%
#6122500
0%
#6123750
b111100111 :
1%
#6125000
0%
#6126250
b111101000 :
1%
#6127500
0%
#6128750
b111101001 :
1%
#6130000
0%
#6131250
b111101010 :
1%
#6132500
0%
#6133750
b111101011 :
1%
#6135000
0%
#6136250
b111101100 :
1%
#6137500
0%
#6138750
b111101101 :
1%
#6140000
0%
#6141250
b111101110 :
1%
#6142500
0%
#6143750
b111101111 :
1%
#6145000
0%
#6146250
b111110000 :
1%
#6147500
0%
#6148750
b111110001 :
1%
#6150000
0%
#6151250
b111110010 :
1%
#6152500
0%
#6153750
b111110011 :
1%
#6155000
0%
#6156250
b111110100 :
1%
#6157500
0%
#6158750
b111110101 :
1%
#6160000
0%
#6161250
b111110110 :
1%
#6162500
0%
#6163750
b111110111 :
1%
#6165000
0%
#6166250
b111111000 :
1%
#6167500
0%
#6168750
b111111001 :
1%
#6170000
0%
#6171250
b111111010 :
1%
#6172500
0%
#6173750
b111111011 :
1%
#6175000
0%
#6176250
b111111100 :
1%
#6177500
0%
#6178750
b111111101 :
1%
#6180000
0%
#6181250
b111111110 :
1%
#6182500
0%
#6183750
b111111111 :
1%
#6185000
0%
#6186250
b1000000000 :
1%
#6187500
0%
#6188750
b1000000001 :
1%
#6190000
0%
#6191250
b1000000010 :
1%
#6192500
0%
#6193750
b1000000011 :
1%
#6195000
0%
#6196250
b1000000100 :
1%
#6197500
0%
#6198750
b1000000101 :
1%
#6200000
0%
#6201250
b1000000110 :
1%
#6202500
0%
#6203750
b1000000111 :
1%
#6205000
0%
#6206250
b1000001000 :
1%
#6207500
0%
#6208750
b1000001001 :
1%
#6210000
0%
#6211250
b1000001010 :
1%
#6212500
0%
#6213750
b1000001011 :
1%
#6215000
0%
#6216250
b1000001100 :
1%
#6217500
0%
#6218750
b1000001101 :
1%
#6220000
0%
#6221250
b1000001110 :
1%
#6222500
0%
#6223750
b1000001111 :
1%
#6225000
0%
#6226250
b1000010000 :
1%
#6227500
0%
#6228750
b1000010001 :
1%
#6230000
0%
#6231250
b1000010010 :
1%
#6232500
0%
#6233750
b1000010011 :
1%
#6235000
0%
#6236250
b1000010100 :
1%
#6237500
0%
#6238750
b1000010101 :
1%
#6240000
0%
#6241250
b1000010110 :
1%
#6242500
0%
#6243750
b1000010111 :
1%
#6245000
0%
#6246250
b1000011000 :
1%
#6247500
0%
#6248750
b1000011001 :
1%
#6250000
0%
#6251250
b1000011010 :
1%
#6252500
0%
#6253750
b1000011011 :
1%
#6255000
0%
#6256250
b1000011100 :
1%
#6257500
0%
#6258750
b1000011101 :
1%
#6260000
0%
#6261250
b1000011110 :
1%
#6262500
0%
#6263750
b1000011111 :
1%
#6265000
0%
#6266250
b1000100000 :
1%
#6267500
0%
#6268750
b1000100001 :
1%
#6270000
0%
#6271250
b1000100010 :
1%
#6272500
0%
#6273750
b1000100011 :
1%
#6275000
0%
#6276250
b1000100100 :
1%
#6277500
0%
#6278750
b1000100101 :
1%
#6280000
0%
#6281250
b1000100110 :
1%
#6282500
0%
#6283750
b1000100111 :
1%
#6285000
0%
#6286250
b1000101000 :
1%
#6287500
0%
#6288750
b1000101001 :
1%
#6290000
0%
#6291250
b1000101010 :
1%
#6292500
0%
#6293750
b1000101011 :
1%
#6295000
0%
#6296250
b1000101100 :
1%
#6297500
0%
#6298750
b1000101101 :
1%
#6300000
0%
0'
#6301250
b1000101110 :
b110 5
1%
#6302500
0%
#6303750
b100 5
b1000101111 :
1%
#6305000
0%
#6306250
b1000110000 :
b0 5
1%
#6307500
0%
#6308750
b1000110001 :
1%
#6310000
0%
#6311250
b1000110010 :
1%
#6312500
0%
#6313750
b1000110011 :
1%
#6315000
0%
#6316250
b1000110100 :
1%
#6317500
0%
#6318750
b1000110101 :
1%
#6320000
0%
#6321250
b1000110110 :
1%
#6322500
0%
#6323750
b1000110111 :
1%
#6325000
0%
#6326250
b1000111000 :
1%
#6327500
0%
#6328750
b1000111001 :
1%
#6330000
0%
#6331250
b1000111010 :
1%
#6332500
0%
#6333750
b1000111011 :
1%
#6335000
0%
#6336250
b1000111100 :
1%
#6337500
0%
#6338750
b1000111101 :
1%
#6340000
0%
#6341250
b1000111110 :
1%
#6342500
0%
#6343750
b1000111111 :
1%
#6345000
0%
#6346250
b1001000000 :
1%
#6347500
0%
#6348750
b1001000001 :
1%
#6350000
0%
#6351250
b1001000010 :
1%
#6352500
0%
#6353750
b1001000011 :
1%
#6355000
0%
#6356250
b1001000100 :
1%
#6357500
0%
#6358750
b1001000101 :
1%
#6360000
0%
#6361250
b1001000110 :
1%
#6362500
0%
#6363750
b1001000111 :
1%
#6365000
0%
#6366250
b1001001000 :
1%
#6367500
0%
#6368750
b1001001001 :
1%
#6370000
0%
#6371250
b1001001010 :
1%
#6372500
0%
#6373750
b1001001011 :
1%
#6375000
0%
#6376250
b1001001100 :
1%
#6377500
0%
#6378750
b1001001101 :
1%
#6380000
0%
#6381250
b1001001110 :
1%
#6382500
0%
#6383750
b1001001111 :
1%
#6385000
0%
#6386250
b1001010000 :
1%
#6387500
0%
#6388750
b1001010001 :
1%
#6390000
0%
#6391250
b1001010010 :
1%
#6392500
0%
#6393750
b1001010011 :
1%
#6395000
0%
#6396250
b1001010100 :
1%
#6397500
0%
#6398750
b1001010101 :
1%
#6400000
0%
#6401250
b1001010110 :
1%
#6402500
0%
#6403750
b1001010111 :
1%
#6405000
0%
#6406250
1,
0;
1%
#6407500
0%
#6408750
0,
0<
1!
19
b11111111111111111111111110001000 $
b11111111111111111111111110001000 2
b10001100 "
b10001100 4
b10100 #
b10100 3
1%
#6410000
0%
#6411250
0!
09
1%
#6412500
0%
#6413750
1%
#6415000
0%
#6416250
1%
#6417500
0%
#6418750
1%
#6420000
0%
#6421250
1%
#6422500
0%
#6423750
1%
#6425000
0%
#6426250
1%
#6427500
0%
#6428750
1%
#6430000
0%
#6431250
1%
#6432500
0%
#6433750
1%
#6435000
0%
#6436250
1%
#6437500
0%
#6438750
1%
#6440000
0%
#6441250
1%
#6442500
0%
#6443750
1%
#6445000
0%
#6446250
1%
#6447500
0%
#6448750
1%
#6450000
0%
#6451250
1%
#6452500
0%
#6453750
1%
#6455000
0%
#6456250
1%
#6457500
0%
#6458750
1%
#6460000
0%
#6461250
1%
#6462500
0%
#6463750
1%
#6465000
0%
#6466250
1%
#6467500
0%
#6468750
1%
#6470000
0%
#6471250
1%
#6472500
0%
#6473750
1%
#6475000
0%
#6476250
1%
#6477500
0%
#6478750
1%
#6480000
0%
#6481250
1%
#6482500
0%
#6483750
1%
#6485000
0%
#6486250
1%
#6487500
0%
#6488750
1%
#6490000
0%
#6491250
1%
#6492500
0%
#6493750
1%
#6495000
0%
#6496250
1%
#6497500
0%
#6498750
1%
#6500000
0%
#6501250
1%
#6502500
0%
#6503750
1%
#6505000
0%
#6506250
1%
#6507500
0%
#6508750
1%
#6510000
0%
#6511250
1%
#6512500
0%
#6513750
1%
#6515000
0%
#6516250
1%
#6517500
0%
#6518750
1%
#6520000
0%
#6521250
1%
#6522500
0%
#6523750
1%
#6525000
0%
#6526250
1%
#6527500
0%
#6528750
1%
#6530000
0%
#6531250
1%
#6532500
0%
#6533750
1%
#6535000
0%
#6536250
1%
#6537500
0%
#6538750
1%
#6540000
0%
#6541250
1%
#6542500
0%
#6543750
1%
#6545000
0%
#6546250
1%
#6547500
0%
#6548750
1%
#6550000
0%
#6551250
1%
#6552500
0%
#6553750
1%
#6555000
0%
#6556250
1%
#6557500
0%
#6558750
1%
#6560000
0%
#6561250
1%
#6562500
0%
#6563750
1%
#6565000
0%
#6566250
1%
#6567500
0%
#6568750
1%
#6570000
0%
#6571250
1%
#6572500
0%
#6573750
1%
#6575000
0%
#6576250
1%
#6577500
0%
#6578750
1%
#6580000
0%
#6581250
1%
#6582500
0%
#6583750
1%
#6585000
0%
#6586250
1%
#6587500
0%
#6588750
1%
#6590000
0%
#6591250
1%
#6592500
0%
#6593750
1%
#6595000
0%
#6596250
1%
#6597500
0%
#6598750
1%
#6600000
0%
#6601250
1%
#6602500
0%
#6603750
1%
#6605000
0%
#6606250
1%
#6607500
0%
#6608750
1%
#6610000
0%
#6611250
1%
#6612500
0%
#6613750
1%
#6615000
0%
#6616250
1%
#6617500
0%
#6618750
1%
#6620000
0%
#6621250
1%
#6622500
0%
#6623750
1%
#6625000
0%
#6626250
1%
#6627500
0%
#6628750
1%
#6630000
0%
#6631250
1%
#6632500
0%
#6633750
1%
#6635000
0%
#6636250
1%
#6637500
0%
#6638750
1%
#6640000
0%
#6641250
1%
#6642500
0%
#6643750
1%
#6645000
0%
#6646250
1%
#6647500
0%
#6648750
1%
#6650000
0%
#6651250
1%
#6652500
0%
#6653750
1%
#6655000
0%
#6656250
1%
#6657500
0%
#6658750
1%
#6660000
0%
#6661250
1%
#6662500
0%
#6663750
1%
#6665000
0%
#6666250
1%
#6667500
0%
#6668750
1%
#6670000
0%
#6671250
1%
#6672500
0%
#6673750
1%
#6675000
0%
#6676250
1%
#6677500
0%
#6678750
1%
#6680000
0%
#6681250
1%
#6682500
0%
#6683750
1%
#6685000
0%
#6686250
1%
#6687500
0%
#6688750
1%
#6690000
0%
#6691250
1%
#6692500
0%
#6693750
1%
#6695000
0%
#6696250
1%
#6697500
0%
#6698750
1%
#6700000
0%
#6701250
1%
#6702500
0%
#6703750
1%
#6705000
0%
#6706250
1%
#6707500
0%
#6708750
1%
#6710000
0%
#6711250
1%
#6712500
0%
#6713750
1%
#6715000
0%
#6716250
1%
#6717500
0%
#6718750
1%
#6720000
0%
#6721250
1%
#6722500
0%
#6723750
1%
#6725000
0%
#6726250
1%
#6727500
0%
#6728750
1%
#6730000
0%
#6731250
1%
#6732500
0%
#6733750
1%
#6735000
0%
#6736250
1%
#6737500
0%
#6738750
1%
#6740000
0%
#6741250
1%
#6742500
0%
#6743750
1%
#6745000
0%
#6746250
1%
#6747500
0%
#6748750
1%
#6750000
0%
#6751250
1%
#6752500
0%
#6753750
1%
#6755000
0%
#6756250
1%
#6757500
0%
#6758750
1%
#6760000
0%
#6761250
1%
#6762500
0%
#6763750
1%
#6765000
0%
#6766250
1%
#6767500
0%
#6768750
1%
#6770000
0%
#6771250
1%
#6772500
0%
#6773750
1%
#6775000
0%
#6776250
1%
#6777500
0%
#6778750
1%
#6780000
0%
#6781250
1%
#6782500
0%
#6783750
1%
#6785000
0%
#6786250
1%
#6787500
0%
#6788750
1%
#6790000
0%
#6791250
1%
#6792500
0%
#6793750
1%
#6795000
0%
#6796250
1%
#6797500
0%
#6798750
1%
#6800000
0%
#6801250
1%
#6802500
0%
#6803750
1%
#6805000
0%
#6806250
1%
#6807500
0%
#6808750
1%
#6810000
0%
#6811250
1%
#6812500
0%
#6813750
1%
#6815000
0%
#6816250
1%
#6817500
0%
#6818750
1%
#6820000
0%
#6821250
1%
#6822500
0%
#6823750
1%
#6825000
0%
#6826250
1%
#6827500
0%
#6828750
1%
#6830000
0%
#6831250
1%
#6832500
0%
#6833750
1%
#6835000
0%
#6836250
1%
#6837500
0%
#6838750
1%
#6840000
0%
#6841250
1%
#6842500
0%
#6843750
1%
#6845000
0%
#6846250
1%
#6847500
0%
#6848750
1%
#6850000
0%
#6851250
1%
#6852500
0%
#6853750
1%
#6855000
0%
#6856250
1%
#6857500
0%
#6858750
1%
#6860000
0%
#6861250
1%
#6862500
0%
#6863750
1%
#6865000
0%
#6866250
1%
#6867500
0%
#6868750
1%
#6870000
0%
#6871250
1%
#6872500
0%
#6873750
1%
#6875000
0%
#6876250
1%
#6877500
0%
#6878750
1%
#6880000
0%
#6881250
1%
#6882500
0%
#6883750
1%
#6885000
0%
#6886250
1%
#6887500
0%
#6888750
1%
#6890000
0%
#6891250
1%
#6892500
0%
#6893750
1%
#6895000
0%
#6896250
1%
#6897500
0%
#6898750
1%
#6900000
0%
#6901250
1%
#6902500
0%
#6903750
1%
#6905000
0%
#6906250
1%
#6907500
0%
#6908750
1%
#6910000
0%
#6911250
1%
#6912500
0%
#6913750
1%
#6915000
0%
#6916250
1%
#6917500
0%
#6918750
1%
#6920000
0%
#6921250
1%
#6922500
0%
#6923750
1%
#6925000
0%
#6926250
1%
#6927500
0%
#6928750
1%
#6930000
0%
#6931250
1%
#6932500
0%
#6933750
1%
#6935000
0%
#6936250
1%
#6937500
0%
#6938750
1%
#6940000
0%
#6941250
1%
#6942500
0%
#6943750
1%
#6945000
0%
#6946250
1%
#6947500
0%
#6948750
1%
#6950000
0%
#6951250
1%
#6952500
0%
#6953750
1%
#6955000
0%
#6956250
1%
#6957500
0%
#6958750
1%
#6960000
0%
#6961250
1%
#6962500
0%
#6963750
1%
#6965000
0%
#6966250
1%
#6967500
0%
#6968750
1%
#6970000
0%
#6971250
1%
#6972500
0%
#6973750
1%
#6975000
0%
#6976250
1%
#6977500
0%
#6978750
1%
#6980000
0%
#6981250
1%
#6982500
0%
#6983750
1%
#6985000
0%
#6986250
1%
#6987500
0%
#6988750
1%
#6990000
0%
#6991250
1%
#6992500
0%
#6993750
1%
#6995000
0%
#6996250
1%
#6997500
0%
#6998750
1%
#7000000
0%
#7001250
1%
#7002500
0%
#7003750
1%
#7005000
0%
#7006250
1%
#7007500
0%
#7008750
1%
#7010000
0%
#7011250
1%
#7012500
0%
#7013750
1%
#7015000
0%
#7016250
1%
#7017500
0%
#7018750
1%
#7020000
0%
#7021250
1%
#7022500
0%
#7023750
1%
#7025000
0%
#7026250
1%
#7027500
0%
#7028750
1%
#7030000
0%
#7031250
1%
#7032500
0%
#7033750
1%
#7035000
0%
#7036250
1%
#7037500
0%
#7038750
1%
#7040000
0%
#7041250
1%
#7042500
0%
#7043750
1%
#7045000
0%
#7046250
1%
#7047500
0%
#7048750
1%
#7050000
0%
#7051250
1%
#7052500
0%
#7053750
1%
#7055000
0%
#7056250
1%
#7057500
0%
#7058750
1%
#7060000
0%
#7061250
1%
#7062500
0%
#7063750
1%
#7065000
0%
#7066250
1%
#7067500
0%
#7068750
1%
#7070000
0%
#7071250
1%
#7072500
0%
#7073750
1%
#7075000
0%
#7076250
1%
#7077500
0%
#7078750
1%
#7080000
0%
#7081250
1%
#7082500
0%
#7083750
1%
#7085000
0%
#7086250
1%
#7087500
0%
#7088750
1%
#7090000
0%
#7091250
1%
#7092500
0%
#7093750
1%
#7095000
0%
#7096250
1%
#7097500
0%
#7098750
1%
#7100000
0%
#7101250
1%
#7102500
0%
#7103750
1%
#7105000
0%
#7106250
1%
#7107500
0%
#7108750
1%
#7110000
0%
#7111250
1%
#7112500
0%
#7113750
1%
#7115000
0%
#7116250
1%
#7117500
0%
#7118750
1%
#7120000
0%
#7121250
1%
#7122500
0%
#7123750
1%
#7125000
0%
#7126250
1%
#7127500
0%
#7128750
1%
#7130000
0%
#7131250
1%
#7132500
0%
#7133750
1%
#7135000
0%
#7136250
1%
#7137500
0%
#7138750
1%
#7140000
0%
#7141250
1%
#7142500
0%
#7143750
1%
#7145000
0%
#7146250
1%
#7147500
0%
#7148750
1%
#7150000
0%
#7151250
1%
#7152500
0%
#7153750
1%
#7155000
0%
#7156250
1%
#7157500
0%
#7158750
1%
#7160000
0%
#7161250
1%
#7162500
0%
#7163750
1%
#7165000
0%
#7166250
1%
#7167500
0%
#7168750
1%
#7170000
0%
#7171250
1%
#7172500
0%
#7173750
1%
#7175000
0%
#7176250
1%
#7177500
0%
#7178750
1%
#7180000
0%
#7181250
1%
#7182500
0%
#7183750
1%
#7185000
0%
#7186250
1%
#7187500
0%
#7188750
1%
#7190000
0%
#7191250
1%
#7192500
0%
#7193750
1%
#7195000
0%
#7196250
1%
#7197500
0%
#7198750
1%
#7200000
0%
#7201250
1%
#7202500
0%
#7203750
1%
#7205000
0%
#7206250
1%
#7207500
0%
#7208750
1%
#7210000
0%
#7211250
1%
#7212500
0%
#7213750
1%
#7215000
0%
#7216250
1%
#7217500
0%
#7218750
1%
#7220000
0%
#7221250
1%
#7222500
0%
#7223750
1%
#7225000
0%
#7226250
1%
#7227500
0%
#7228750
1%
#7230000
0%
#7231250
1%
#7232500
0%
#7233750
1%
#7235000
0%
#7236250
1%
#7237500
0%
#7238750
1%
#7240000
0%
#7241250
1%
#7242500
0%
#7243750
1%
#7245000
0%
#7246250
1%
#7247500
0%
#7248750
1%
#7250000
0%
#7251250
1%
#7252500
0%
#7253750
1%
#7255000
0%
#7256250
1%
#7257500
0%
#7258750
1%
#7260000
0%
#7261250
1%
#7262500
0%
#7263750
1%
#7265000
0%
#7266250
1%
#7267500
0%
#7268750
1%
#7270000
0%
#7271250
1%
#7272500
0%
#7273750
1%
#7275000
0%
#7276250
1%
#7277500
0%
#7278750
1%
#7280000
0%
#7281250
1%
#7282500
0%
#7283750
1%
#7285000
0%
#7286250
1%
#7287500
0%
#7288750
1%
#7290000
0%
#7291250
1%
#7292500
0%
#7293750
1%
#7295000
0%
#7296250
1%
#7297500
0%
#7298750
1%
#7300000
0%
#7301250
1%
#7302500
0%
#7303750
1%
#7305000
0%
#7306250
1%
#7307500
0%
#7308750
1%
#7310000
0%
#7311250
1%
#7312500
0%
#7313750
1%
#7315000
0%
#7316250
1%
#7317500
0%
#7318750
1%
#7320000
0%
#7321250
1%
#7322500
0%
#7323750
1%
#7325000
0%
#7326250
1%
#7327500
0%
#7328750
1%
#7330000
0%
#7331250
1%
#7332500
0%
#7333750
1%
#7335000
0%
#7336250
1%
#7337500
0%
#7338750
1%
#7340000
0%
#7341250
1%
#7342500
0%
#7343750
1%
#7345000
0%
#7346250
1%
#7347500
0%
#7348750
1%
#7350000
0%
#7351250
1%
#7352500
0%
#7353750
1%
#7355000
0%
#7356250
1%
#7357500
0%
#7358750
1%
#7360000
0%
#7361250
1%
#7362500
0%
#7363750
1%
#7365000
0%
#7366250
1%
#7367500
0%
#7368750
1%
#7370000
0%
#7371250
1%
#7372500
0%
#7373750
1%
#7375000
0%
#7376250
1%
#7377500
0%
#7378750
1%
#7380000
0%
#7381250
1%
#7382500
0%
#7383750
1%
#7385000
0%
#7386250
1%
#7387500
0%
#7388750
1%
#7390000
0%
#7391250
1%
#7392500
0%
#7393750
1%
#7395000
0%
#7396250
1%
#7397500
0%
#7398750
1%
#7400000
0%
#7401250
1%
#7402500
0%
#7403750
1%
#7405000
0%
#7406250
1%
#7407500
0%
#7408750
1%
#7410000
0%
#7411250
1%
#7412500
0%
#7413750
1%
#7415000
0%
#7416250
1%
#7417500
0%
#7418750
1%
#7420000
0%
#7421250
1%
#7422500
0%
#7423750
1%
#7425000
0%
#7426250
1%
#7427500
0%
#7428750
1%
#7430000
0%
#7431250
1%
#7432500
0%
#7433750
1%
#7435000
0%
#7436250
1%
#7437500
0%
#7438750
1%
#7440000
0%
#7441250
1%
#7442500
0%
#7443750
1%
#7445000
0%
#7446250
1%
#7447500
0%
#7448750
1%
#7450000
0%
#7451250
1%
#7452500
0%
#7453750
1%
#7455000
0%
#7456250
1%
#7457500
0%
#7458750
1%
#7460000
0%
#7461250
1%
#7462500
0%
#7463750
1%
#7465000
0%
#7466250
1%
#7467500
0%
#7468750
1%
#7470000
0%
#7471250
1%
#7472500
0%
#7473750
1%
#7475000
0%
#7476250
1%
#7477500
0%
#7478750
1%
#7480000
0%
#7481250
1%
#7482500
0%
#7483750
1%
#7485000
0%
#7486250
1%
#7487500
0%
#7488750
1%
#7490000
0%
#7491250
1%
#7492500
0%
#7493750
1%
#7495000
0%
#7496250
1%
#7497500
0%
#7498750
1%
#7500000
0%
#7501250
1%
#7502500
0%
#7503750
1%
#7505000
0%
#7506250
1%
#7507500
0%
#7508750
1%
#7510000
0%
#7511250
1%
#7512500
0%
#7513750
1%
#7515000
0%
#7516250
1%
#7517500
0%
#7518750
1%
#7520000
0%
#7521250
1%
#7522500
0%
#7523750
1%
#7525000
0%
#7526250
1%
#7527500
0%
#7528750
1%
#7530000
0%
#7531250
1%
#7532500
0%
#7533750
1%
#7535000
0%
#7536250
1%
#7537500
0%
#7538750
1%
#7540000
0%
#7541250
1%
#7542500
0%
#7543750
1%
#7545000
0%
#7546250
1%
#7547500
0%
#7548750
1%
#7550000
0%
#7551250
1%
#7552500
0%
#7553750
1%
#7555000
0%
#7556250
1%
#7557500
0%
#7558750
1%
#7560000
0%
#7561250
1%
#7562500
0%
#7563750
1%
#7565000
0%
#7566250
1%
#7567500
0%
#7568750
1%
#7570000
0%
#7571250
1%
#7572500
0%
#7573750
1%
#7575000
0%
#7576250
1%
#7577500
0%
#7578750
1%
#7580000
0%
#7581250
1%
#7582500
0%
#7583750
1%
#7585000
0%
#7586250
1%
#7587500
0%
#7588750
1%
#7590000
0%
#7591250
1%
#7592500
0%
#7593750
1%
#7595000
0%
#7596250
1%
#7597500
0%
#7598750
1%
#7600000
0%
#7601250
1%
#7602500
0%
#7603750
1%
#7605000
0%
#7606250
1%
#7607500
0%
#7608750
1%
#7610000
0%
#7611250
1%
#7612500
0%
#7613750
1%
#7615000
0%
#7616250
1%
#7617500
0%
#7618750
1%
#7620000
0%
#7621250
1%
#7622500
0%
#7623750
1%
#7625000
0%
#7626250
1%
#7627500
0%
#7628750
1%
#7630000
0%
#7631250
1%
#7632500
0%
#7633750
1%
#7635000
0%
#7636250
1%
#7637500
0%
#7638750
1%
#7640000
0%
#7641250
1%
#7642500
0%
#7643750
1%
#7645000
0%
#7646250
1%
#7647500
0%
#7648750
1%
#7650000
0%
#7651250
1%
#7652500
0%
#7653750
1%
#7655000
0%
#7656250
1%
#7657500
0%
#7658750
1%
#7660000
0%
#7661250
1%
#7662500
0%
#7663750
1%
#7665000
0%
#7666250
1%
#7667500
0%
#7668750
1%
#7670000
0%
#7671250
1%
#7672500
0%
#7673750
1%
#7675000
0%
#7676250
1%
#7677500
0%
#7678750
1%
#7680000
0%
#7681250
1%
#7682500
0%
#7683750
1%
#7685000
0%
#7686250
1%
#7687500
0%
#7688750
1%
#7690000
0%
#7691250
1%
#7692500
0%
#7693750
1%
#7695000
0%
#7696250
1%
#7697500
0%
#7698750
1%
#7700000
0%
#7701250
1%
#7702500
0%
#7703750
1%
#7705000
0%
#7706250
1%
#7707500
0%
#7708750
1%
#7710000
0%
#7711250
1%
#7712500
0%
#7713750
1%
#7715000
0%
#7716250
1%
#7717500
0%
#7718750
1%
#7720000
0%
#7721250
1%
#7722500
0%
#7723750
1%
#7725000
0%
#7726250
1%
#7727500
0%
#7728750
1%
#7730000
0%
#7731250
1%
#7732500
0%
#7733750
1%
#7735000
0%
#7736250
1%
#7737500
0%
#7738750
1%
#7740000
0%
#7741250
1%
#7742500
0%
#7743750
1%
#7745000
0%
#7746250
1%
#7747500
0%
#7748750
1%
#7750000
0%
#7751250
1%
#7752500
0%
#7753750
1%
#7755000
0%
#7756250
1%
#7757500
0%
#7758750
1%
#7760000
0%
#7761250
1%
#7762500
0%
#7763750
1%
#7765000
0%
#7766250
1%
#7767500
0%
#7768750
1%
#7770000
0%
#7771250
1%
#7772500
0%
#7773750
1%
#7775000
0%
#7776250
1%
#7777500
0%
#7778750
1%
#7780000
0%
#7781250
1%
#7782500
0%
#7783750
1%
#7785000
0%
#7786250
1%
#7787500
0%
#7788750
1%
#7790000
0%
#7791250
1%
#7792500
0%
#7793750
1%
#7795000
0%
#7796250
1%
#7797500
0%
#7798750
1%
#7800000
0%
